{"stats":{"minecraft:custom":{"minecraft:time_since_rest":4309,"minecraft:sprint_one_cm":53599,"minecraft:damage_taken":1175,"minecraft:walk_one_cm":110785,"minecraft:mob_kills":2,"minecraft:damage_dealt":357,"minecraft:fly_one_cm":123846,"minecraft:crouch_one_cm":3783,"minecraft:play_time":25654,"minecraft:deaths":4,"minecraft:sneak_time":586,"minecraft:walk_under_water_one_cm":3307,"minecraft:jump":512,"minecraft:leave_game":2,"minecraft:time_since_death":4240,"minecraft:walk_on_water_one_cm":6480,"minecraft:total_world_time":25654,"minecraft:fall_one_cm":10010},"minecraft:killed_by":{"minecraft:pillager":1,"minecraft:enderman":1},"minecraft:mined":{"minecraft:dandelion":6,"minecraft:cornflower":2,"minecraft:azure_bluet":2,"minecraft:grass":18,"minecraft:grass_block":62,"minecraft:oak_log":2,"minecraft:poppy":3,"minecraft:dirt":37,"minecraft:sugar_cane":3,"minecraft:oxeye_daisy":2,"minecraft:oak_leaves":5},"minecraft:used":{"minecraft:oak_log":1,"minecraft:dirt":76,"minecraft:egg":2},"minecraft:killed":{"minecraft:skeleton":1,"minecraft:pillager":1},"minecraft:picked_up":{"minecraft:azure_bluet":2,"minecraft:dandelion":6,"minecraft:oak_log":2,"minecraft:cornflower":2,"minecraft:dirt":90,"minecraft:bone":2,"minecraft:rotten_flesh":3,"minecraft:wheat_seeds":5,"minecraft:poppy":3,"minecraft:oak_sapling":1,"minecraft:sugar_cane":8,"minecraft:egg":2,"minecraft:oxeye_daisy":1}},"DataVersion":3465}