{"stats":{"minecraft:crafted":{"minecraft:wooden_sword":4,"minecraft:wooden_shovel":1,"minecraft:cooked_porkchop":2,"minecraft:crafting_table":6,"minecraft:spruce_planks":90,"minecraft:cooked_chicken":3,"minecraft:wooden_pickaxe":2,"minecraft:wooden_hoe":1,"minecraft:spruce_wood":9,"minecraft:stick":48,"minecraft:stone_pickaxe":1,"minecraft:wooden_axe":2},"minecraft:killed_by":{"minecraft:skeleton":1,"minecraft:zombie":2},"minecraft:custom":{"minecraft:interact_with_furnace":8,"minecraft:mob_kills":12,"minecraft:interact_with_crafting_table":7,"minecraft:leave_game":1,"minecraft:time_since_death":28829,"minecraft:sleep_in_bed":1,"minecraft:time_since_rest":10168,"minecraft:sprint_one_cm":211253,"minecraft:damage_taken":1600,"minecraft:walk_one_cm":275166,"minecraft:drop":12,"minecraft:damage_dealt":1625,"minecraft:swim_one_cm":7069,"minecraft:fly_one_cm":364846,"minecraft:crouch_one_cm":1220,"minecraft:play_time":74073,"minecraft:deaths":5,"minecraft:sneak_time":587,"minecraft:walk_under_water_one_cm":12972,"minecraft:jump":1591,"minecraft:walk_on_water_one_cm":24431,"minecraft:total_world_time":74073,"minecraft:fall_one_cm":31174,"minecraft:horse_one_cm":3032},"minecraft:picked_up":{"minecraft:pink_petals":24,"minecraft:chicken":1,"quark:hollow_spruce_log":1,"minecraft:andesite":1,"minecraft:leather":1,"minecraft:brown_mushroom":2,"minecraft:tuff":1,"minecraft:oak_log":2,"minecraft:dirt":34,"minecraft:moss_carpet":1,"minecraft:raw_copper":17,"create:limestone":6,"minecraft:cooked_salmon":4,"minecraft:cooked_mutton":3,"minecraft:wheat_seeds":12,"aquaculture:bluegill":4,"minecraft:cobbled_deepslate":3,"minecraft:beef":7,"minecraft:cooked_chicken":4,"minecraft:poppy":2,"minecraft:sugar_cane":3,"minecraft:raw_iron":7,"minecraft:cooked_porkchop":1,"minecraft:sweet_berries":3,"quark:shale":4,"minecraft:gravel":7,"minecraft:sand":19,"minecraft:spruce_sapling":3,"minecraft:spruce_log":37,"create:crimsite":13,"minecraft:granite":7,"create:veridium":24,"minecraft:snowball":16,"minecraft:coal":77,"minecraft:cobblestone":12,"minecraft:oxeye_daisy":2},"minecraft:used":{"minecraft:cooked_mutton":3,"minecraft:stone_pickaxe":65,"minecraft:wooden_pickaxe":41,"minecraft:cooked_salmon":2,"aquaculture:bluegill":1,"minecraft:dirt":28,"minecraft:sand":5,"minecraft:crafting_table":5,"minecraft:granite":1,"minecraft:wooden_axe":16,"minecraft:wooden_sword":165,"minecraft:sweet_berries":2,"minecraft:cooked_porkchop":2},"minecraft:mined":{"minecraft:tuff":1,"minecraft:brown_mushroom":1,"quark:shale":4,"minecraft:granite":7,"minecraft:glow_lichen":3,"gravestone:gravestone":1,"minecraft:grass_block":16,"minecraft:poppy":2,"minecraft:tall_grass":5,"minecraft:copper_ore":5,"minecraft:spruce_leaves":8,"minecraft:oxeye_daisy":2,"minecraft:pink_petals":12,"minecraft:large_fern":1,"minecraft:seagrass":3,"minecraft:tall_seagrass":2,"minecraft:iron_ore":7,"minecraft:ice":4,"minecraft:spruce_log":39,"minecraft:andesite":1,"minecraft:bee_nest":1,"minecraft:grass":26,"minecraft:oak_log":2,"minecraft:coal_ore":13,"minecraft:vine":1,"minecraft:gravel":7,"minecraft:sand":19,"minecraft:dirt":21,"minecraft:packed_ice":18,"minecraft:stone":12,"create:veridium":24,"create:crimsite":13,"create:limestone":6,"minecraft:deepslate":4,"quark:hollow_spruce_log":1,"minecraft:fern":1},"minecraft:killed":{"aquaculture:bluegill":2,"minecraft:zombie_villager":1,"minecraft:polar_bear":1,"minecraft:bee":4,"minecraft:chicken":1,"minecraft:cow":3},"minecraft:dropped":{"minecraft:wheat_seeds":5,"minecraft:cooked_chicken":4,"minecraft:cooked_porkchop":1,"aquaculture:bluegill":2}},"DataVersion":3465}