{"stats":{"minecraft:dropped":{"minecraft:wheat_seeds":5,"minecraft:cooked_chicken":4,"minecraft:cooked_porkchop":1,"aquaculture:bluegill":2},"minecraft:picked_up":{"minecraft:pink_petals":24,"minecraft:chicken":1,"quark:hollow_spruce_log":1,"minecraft:andesite":1,"minecraft:leather":1,"minecraft:brown_mushroom":3,"minecraft:tuff":1,"minecraft:oak_log":2,"minecraft:raw_copper":28,"minecraft:dirt":52,"minecraft:moss_carpet":1,"create:limestone":6,"minecraft:cooked_salmon":4,"minecraft:cooked_mutton":3,"minecraft:wheat_seeds":12,"aquaculture:bluegill":4,"minecraft:cobbled_deepslate":3,"minecraft:spruce_planks":1,"minecraft:beef":7,"minecraft:cooked_chicken":4,"minecraft:poppy":2,"minecraft:sugar_cane":3,"minecraft:raw_iron":7,"minecraft:cooked_porkchop":1,"minecraft:pumpkin":11,"minecraft:sweet_berries":24,"quark:shale":4,"minecraft:gravel":7,"minecraft:sand":19,"minecraft:spruce_sapling":3,"minecraft:ink_sac":1,"minecraft:spruce_log":46,"minecraft:rotten_flesh":2,"create:crimsite":13,"minecraft:granite":7,"create:veridium":24,"minecraft:snowball":16,"minecraft:coal":83,"minecraft:cobblestone":37,"minecraft:oxeye_daisy":2},"minecraft:mined":{"minecraft:tuff":1,"minecraft:spruce_planks":1,"minecraft:brown_mushroom":2,"quark:shale":4,"minecraft:glow_lichen":3,"gravestone:gravestone":2,"minecraft:granite":7,"minecraft:grass_block":29,"minecraft:poppy":2,"minecraft:tall_grass":5,"minecraft:copper_ore":8,"minecraft:spruce_leaves":21,"minecraft:oxeye_daisy":2,"minecraft:large_fern":2,"minecraft:pink_petals":12,"minecraft:seagrass":3,"minecraft:tall_seagrass":2,"minecraft:iron_ore":7,"minecraft:sweet_berry_bush":10,"minecraft:ice":5,"minecraft:spruce_log":48,"minecraft:andesite":1,"minecraft:pumpkin":11,"minecraft:bee_nest":1,"minecraft:grass":27,"minecraft:oak_log":2,"minecraft:coal_ore":19,"minecraft:vine":1,"minecraft:gravel":7,"minecraft:sand":19,"minecraft:dirt":29,"minecraft:packed_ice":18,"minecraft:stone":37,"create:veridium":24,"create:crimsite":13,"create:limestone":6,"minecraft:deepslate":4,"quark:hollow_spruce_log":1,"minecraft:fern":4},"minecraft:used":{"minecraft:cooked_mutton":3,"minecraft:stone_sword":9,"minecraft:stone_pickaxe":124,"minecraft:spruce_planks":1,"minecraft:wooden_pickaxe":49,"minecraft:cooked_salmon":2,"aquaculture:bluegill":1,"minecraft:dirt":42,"minecraft:sand":5,"minecraft:crafting_table":6,"minecraft:granite":1,"minecraft:wooden_axe":16,"minecraft:wooden_sword":165,"minecraft:sweet_berries":25,"minecraft:cooked_porkchop":2},"minecraft:killed_by":{"minecraft:skeleton":1,"minecraft:zombie":2,"minecraft:trader_llama":1},"minecraft:crafted":{"minecraft:wooden_sword":5,"minecraft:wooden_shovel":1,"minecraft:cooked_porkchop":2,"minecraft:crafting_table":7,"minecraft:spruce_planks":120,"minecraft:wooden_pickaxe":3,"minecraft:cooked_chicken":3,"minecraft:stone_axe":2,"minecraft:wooden_hoe":1,"minecraft:spruce_wood":9,"minecraft:stick":66,"minecraft:stone_pickaxe":3,"minecraft:wooden_axe":3,"minecraft:stone_sword":1},"minecraft:killed":{"aquaculture:bluegill":2,"minecraft:zombie_villager":1,"aquaculture:smallmouth_bass":1,"minecraft:polar_bear":1,"minecraft:bee":4,"minecraft:chicken":1,"minecraft:cow":3},"minecraft:custom":{"minecraft:interact_with_furnace":9,"minecraft:mob_kills":13,"minecraft:interact_with_crafting_table":12,"minecraft:leave_game":1,"minecraft:time_since_death":58866,"minecraft:sleep_in_bed":1,"minecraft:time_since_rest":58910,"minecraft:sprint_one_cm":280419,"minecraft:damage_taken":2240,"minecraft:walk_one_cm":373827,"minecraft:drop":12,"minecraft:damage_dealt":1710,"minecraft:swim_one_cm":16870,"minecraft:talked_to_villager":1,"minecraft:fly_one_cm":443597,"minecraft:open_chest":6,"minecraft:crouch_one_cm":1285,"minecraft:play_time":141608,"minecraft:deaths":7,"minecraft:sneak_time":700,"minecraft:walk_under_water_one_cm":16928,"minecraft:jump":2049,"minecraft:walk_on_water_one_cm":34396,"minecraft:total_world_time":141608,"minecraft:fall_one_cm":38084,"minecraft:horse_one_cm":3032}},"DataVersion":3465}