{"stats":{"minecraft:picked_up":{"minecraft:wheat":45,"minecraft:creeper_head":1,"quark:hollow_spruce_log":2,"aquaculture:blackfish":10,"minecraft:oak_stairs":2,"minecraft:string":111,"aquaculture:muskellunge":1,"minecraft:raw_copper":322,"create:limestone":2,"minecraft:beetroot":1,"minecraft:cobbled_deepslate":161,"minecraft:spruce_planks":26,"minecraft:calcite":50,"minecraft:furnace":8,"minecraft:stick":6,"minecraft:composter":1,"minecraft:oak_fence":4,"minecraft:torch":36,"minecraft:porkchop":8,"minecraft:cherry_log":8,"minecraft:diorite":1,"minecraft:golden_chestplate":2,"minecraft:rotten_flesh":22,"minecraft:obsidian":11,"minecraft:cobblestone":564,"minecraft:feather":4,"minecraft:potato":29,"minecraft:flint":5,"minecraft:tuff":12,"create:raw_zinc":4,"minecraft:lapis_lazuli":459,"minecraft:dirt":832,"minecraft:polished_granite":2,"minecraft:bone":13,"minecraft:stonecutter":1,"minecraft:bow":1,"minecraft:wheat_seeds":139,"minecraft:raw_gold":52,"minecraft:rabbit":2,"minecraft:oak_planks":64,"aquaculture:jellyfish":3,"minecraft:poisonous_potato":1,"minecraft:sand":100,"quark:glow_lichen_growth":4,"minecraft:grass_block":1,"minecraft:dark_prismarine":6,"quark:jasper":1,"create:crimsite":12,"minecraft:diamond":17,"minecraft:spruce_boat":1,"minecraft:granite":16,"minecraft:bone_meal":1,"minecraft:bread":13,"minecraft:oak_sapling":8,"minecraft:bricks":7,"minecraft:crafting_table":10,"minecraft:azure_bluet":1,"minecraft:chicken":1,"gravestone:obituary":1,"minecraft:cornflower":2,"minecraft:moss_carpet":1,"immersive_aircraft:biplane":1,"minecraft:beef":12,"create:zinc_ore":6,"minecraft:iron_nugget":22,"minecraft:poppy":3,"minecraft:sugar_cane":60,"farmersdelight:golden_knife":1,"minecraft:egg":1,"minecraft:raw_iron":272,"minecraft:sandstone":23,"minecraft:stone":36,"sophisticatedbackpacks:backpack":2,"minecraft:carrot":4,"minecraft:redstone":83,"minecraft:arrow":9,"minecraft:beetroot_seeds":3,"minecraft:hay_block":2,"aquaculture:carp":3,"minecraft:mutton":9,"minecraft:bone_block":11,"minecraft:rail":1,"minecraft:white_wool":21,"quark:crab_leg":3,"minecraft:glow_ink_sac":3,"minecraft:salmon":9,"minecraft:leather":8,"minecraft:oak_log":51,"minecraft:gunpowder":2,"immersive_aircraft:gyrodyne":4,"aquaculture:rainbow_trout":4,"farmersdelight:cooking_pot":2,"minecraft:rabbit_hide":2,"minecraft:iron_ingot":31,"minecraft:oak_fence_gate":2,"quark:glow_shroom":1,"minecraft:cobweb":17,"aquaculture:minnow":1,"minecraft:book":60,"minecraft:dandelion":9,"minecraft:gravel":51,"aquaculture:red_grouper":4,"minecraft:blast_furnace":1,"minecraft:white_bed":1,"minecraft:spruce_log":43,"quark:oak_chest":4,"minecraft:spider_eye":2,"aquaculture:atlantic_cod":1,"minecraft:coal_ore":20,"minecraft:stone_axe":1,"minecraft:coal":598},"minecraft:dropped":{"sophisticatedbackpacks:iron_backpack":2,"quark:glow_shroom":1,"minecraft:cooked_beef":5,"minecraft:oak_log":1,"minecraft:glow_ink_sac":3,"minecraft:crafting_table":1,"aquaculture:minnow":1,"create:crimsite":4,"minecraft:flint":5,"minecraft:dirt":8,"minecraft:cornflower":2,"minecraft:mutton":4,"gravestone:obituary":1,"minecraft:sand":61,"minecraft:iron_pickaxe":1,"minecraft:gravel":35,"minecraft:stone_axe":2,"minecraft:iron_nugget":4,"minecraft:golden_chestplate":1,"minecraft:cobbled_deepslate":145,"minecraft:wheat":9,"minecraft:rotten_flesh":17,"minecraft:oak_planks":10,"minecraft:azure_bluet":1,"aquaculture:rainbow_trout":1,"minecraft:poppy":3,"minecraft:rabbit_hide":2,"minecraft:oak_fence_gate":2,"minecraft:arrow":3,"minecraft:iron_ingot":19,"minecraft:bread":10,"minecraft:wheat_seeds":10,"minecraft:cherry_log":4,"minecraft:poisonous_potato":1,"minecraft:feather":4,"minecraft:lead":1,"minecraft:cobblestone":133,"minecraft:prismarine_crystals":2,"minecraft:granite":16,"minecraft:golden_apple":1,"minecraft:coal":72,"minecraft:stick":4,"quark:glow_lichen_growth":4,"quark:hollow_spruce_log":2,"minecraft:diorite":1,"quark:blossom_log":1,"minecraft:torch":7,"minecraft:cooked_salmon":4,"minecraft:iron_leggings":1,"minecraft:oak_stairs":1,"quark:jasper":1,"minecraft:string":7,"create:raw_zinc":4,"minecraft:dandelion":9,"minecraft:bowl":4,"minecraft:tuff":12,"minecraft:raw_iron":1,"minecraft:iron_boots":1,"sophisticatedbackpacks:backpack":2,"minecraft:filled_map":1,"minecraft:spruce_planks":13,"minecraft:iron_chestplate":1,"minecraft:spider_eye":1,"minecraft:sandstone":19,"minecraft:bow":1,"minecraft:stone_pickaxe":1,"minecraft:calcite":50},"minecraft:used":{"minecraft:iron_shovel":874,"minecraft:shield":14,"minecraft:stone":25,"minecraft:iron_sword":306,"minecraft:rotten_flesh":2,"minecraft:carrot":12,"minecraft:spruce_boat":3,"aquaculture:rainbow_trout":3,"minecraft:bricks":7,"minecraft:grass_block":1,"minecraft:oak_sapling":8,"minecraft:furnace":12,"minecraft:egg":1,"immersive_aircraft:biplane":2,"minecraft:potato":35,"minecraft:stone_pickaxe":195,"minecraft:oak_planks":42,"create:crimsite":8,"minecraft:wooden_pickaxe":59,"minecraft:sugar_cane":23,"minecraft:string":1,"minecraft:bread":13,"minecraft:polished_granite":2,"minecraft:gravel":16,"smallships:spruce_brigg":1,"minecraft:cooked_rabbit":2,"immersive_aircraft:gyrodyne":7,"minecraft:bone_meal":54,"minecraft:golden_pickaxe":114,"minecraft:cobweb":17,"minecraft:oak_fence":67,"minecraft:enchanting_table":1,"minecraft:spruce_planks":79,"minecraft:cooked_salmon":3,"minecraft:cooked_chicken":3,"aquaculture:blackfish":6,"minecraft:torch":269,"minecraft:dirt":537,"aquaculture:muskellunge":1,"minecraft:oak_fence_gate":7,"aquaculture:red_grouper":4,"minecraft:iron_hoe":182,"minecraft:wooden_axe":58,"minecraft:bookshelf":15,"minecraft:iron_axe":92,"minecraft:oak_stairs":5,"minecraft:spruce_button":1,"farmersdelight:cooking_pot":2,"farmersdelight:tomato_seeds":11,"minecraft:cooked_beef":10,"minecraft:cobbled_deepslate":16,"minecraft:wheat_seeds":125,"minecraft:cooked_mutton":7,"minecraft:water_bucket":16,"minecraft:crafting_table":13,"minecraft:white_bed":2,"minecraft:oak_log":11,"minecraft:dark_prismarine":5,"minecraft:diamond_pickaxe":743,"aquaculture:carp":3,"minecraft:iron_pickaxe":1115,"minecraft:stone_axe":139,"minecraft:cobblestone":259,"minecraft:cooked_porkchop":8,"minecraft:bucket":17,"aquaculture:atlantic_cod":1,"quark:oak_chest":11},"minecraft:mined":{"minecraft:spruce_planks":15,"minecraft:white_bed":1,"minecraft:cherry_log":6,"minecraft:obsidian":12,"minecraft:granite":30,"minecraft:grass_block":602,"minecraft:composter":1,"quark:glow_lichen_growth":2,"minecraft:tall_seagrass":1,"minecraft:iron_ore":172,"minecraft:deepslate_lapis_ore":48,"minecraft:azure_bluet":1,"minecraft:oak_stairs":2,"create:limestone":2,"minecraft:tripwire":1,"minecraft:deepslate_redstone_ore":17,"minecraft:torch":9,"diagonalfences:minecraft/oak_fence":4,"minecraft:calcite":48,"minecraft:poppy":1,"create:scoria":1,"minecraft:cobblestone":12,"minecraft:sugar_cane":36,"minecraft:oak_planks":2,"minecraft:bricks":9,"minecraft:wall_torch":10,"minecraft:pink_petals":1,"minecraft:seagrass":1,"minecraft:wheat":10,"quark:glow_shroom":1,"minecraft:grass":87,"minecraft:oak_log":51,"minecraft:beetroots":1,"minecraft:oak_fence_gate":2,"minecraft:sand":98,"minecraft:dirt":286,"create:crimsite":12,"minecraft:oak_leaves":15,"minecraft:deepslate":169,"create:zinc_ore":10,"minecraft:dark_prismarine":6,"minecraft:tuff":14,"quark:shale":2,"minecraft:deepslate_diamond_ore":9,"minecraft:glow_lichen":1,"minecraft:ladder":3,"minecraft:brick_stairs":2,"minecraft:spruce_leaves":19,"minecraft:sandstone":45,"quark:jasper":5,"minecraft:hay_block":2,"minecraft:redstone_ore":1,"minecraft:furnace":11,"minecraft:carrots":4,"minecraft:andesite":41,"minecraft:bookshelf":20,"minecraft:potatoes":8,"minecraft:deepslate_iron_ore":63,"minecraft:rail":3,"minecraft:packed_ice":4,"minecraft:stone":871,"farmersdelight:cooking_pot":2,"quark:oak_chest":4,"minecraft:dandelion":7,"minecraft:polished_granite":2,"minecraft:crafting_table":10,"minecraft:cornflower":2,"minecraft:tall_grass":27,"minecraft:copper_ore":90,"minecraft:lapis_ore":12,"minecraft:deepslate_gold_ore":32,"minecraft:diorite":6,"minecraft:ice":39,"minecraft:spruce_log":44,"minecraft:coal_ore":365,"minecraft:dark_oak_button":1,"minecraft:gravel":45,"minecraft:cobweb":90,"minecraft:gold_ore":9,"quark:hollow_spruce_log":2},"minecraft:broken":{"minecraft:iron_shovel":3,"minecraft:stone_pickaxe":1,"minecraft:stone_axe":1,"minecraft:iron_sword":1,"minecraft:wooden_axe":1,"minecraft:wooden_pickaxe":1,"minecraft:iron_pickaxe":4},"minecraft:crafted":{"immersive_aircraft:engine":1,"minecraft:smooth_stone":3,"immersive_aircraft:sturdy_pipes":1,"minecraft:cooked_chicken":3,"minecraft:stone":3,"minecraft:bookshelf":19,"minecraft:cooked_mutton":7,"smallships:sail":2,"minecraft:iron_boots":2,"immersive_aircraft:hull":9,"minecraft:oak_fence":96,"minecraft:cooked_rabbit":2,"sophisticatedbackpacks:backpack":3,"quark:blossom_planks":12,"minecraft:cooked_porkchop":14,"minecraft:crafting_table":5,"minecraft:spruce_planks":172,"minecraft:wooden_pickaxe":1,"minecraft:iron_helmet":1,"minecraft:copper_ingot":109,"minecraft:spruce_chest_boat":3,"immersive_aircraft:propeller":4,"minecraft:iron_chestplate":2,"minecraft:paper":3,"minecraft:diamond_pickaxe":1,"minecraft:shield":1,"minecraft:stick":200,"quark:oak_chest":14,"minecraft:iron_ingot":169,"minecraft:iron_pickaxe":6,"minecraft:shears":1,"minecraft:spruce_button":1,"immersive_aircraft:sail":6,"minecraft:furnace":6,"minecraft:blast_furnace":1,"immersive_aircraft:biplane":1,"minecraft:piston":2,"minecraft:bone_meal":132,"minecraft:white_carpet":36,"minecraft:iron_axe":1,"minecraft:iron_hoe":1,"minecraft:slime_ball":3,"minecraft:stone_pickaxe":2,"minecraft:spruce_boat":5,"quark:spruce_chest":3,"smallships:spruce_brigg":1,"minecraft:lead":6,"minecraft:wheat":18,"sophisticatedbackpacks:iron_backpack":3,"minecraft:cooked_beef":25,"immersive_aircraft:boiler":1,"minecraft:enchanting_table":1,"minecraft:iron_sword":2,"minecraft:bowl":4,"minecraft:cooked_salmon":8,"sophisticatedbackpacks:gold_backpack":1,"minecraft:bucket":1,"minecraft:stone_axe":2,"minecraft:air":0,"minecraft:oak_fence_gate":6,"minecraft:white_wool":18,"immersive_aircraft:gyrodyne":3,"minecraft:wooden_axe":1,"minecraft:oak_stairs":4,"minecraft:iron_shovel":4,"minecraft:iron_leggings":2,"minecraft:white_bed":1,"minecraft:torch":280,"minecraft:firework_rocket":9},"minecraft:killed":{"minecraft:cave_spider":3,"aquaculture:red_grouper":4,"minecraft:spider":9,"aquaculture:muskellunge":1,"minecraft:skeleton":13,"minecraft:chicken":1,"quark:crab":4,"aquaculture:carp":3,"minecraft:pig":3,"minecraft:salmon":10,"minecraft:creeper":3,"minecraft:sheep":3,"aquaculture:minnow":1,"minecraft:zombie":30,"minecraft:cow":7,"aquaculture:blackfish":6,"minecraft:drowned":6,"aquaculture:rainbow_trout":3,"aquaculture:atlantic_cod":1,"minecraft:rabbit":2,"aquaculture:jellyfish":4,"minecraft:squid":1},"minecraft:custom":{"minecraft:animals_bred":14,"minecraft:interact_with_crafting_table":115,"minecraft:leave_game":3,"minecraft:time_since_death":354212,"minecraft:sprint_one_cm":623750,"minecraft:damage_blocked_by_shield":585,"minecraft:drop":139,"minecraft:play_time":354212,"minecraft:jump":5413,"minecraft:walk_on_water_one_cm":78216,"minecraft:enchant_item":1,"minecraft:interact_with_furnace":145,"minecraft:sleep_in_bed":11,"minecraft:damage_dealt":14875,"minecraft:crouch_one_cm":79886,"minecraft:mob_kills":118,"minecraft:climb_one_cm":23652,"minecraft:walk_one_cm":944888,"minecraft:sneak_time":21141,"minecraft:walk_under_water_one_cm":56114,"minecraft:boat_one_cm":330746,"minecraft:total_world_time":354212,"minecraft:time_since_rest":24920,"minecraft:damage_taken":1322,"minecraft:swim_one_cm":136842,"minecraft:fly_one_cm":1008529,"minecraft:open_chest":175,"minecraft:fall_one_cm":95523}},"DataVersion":3465}