{"stats":{"minecraft:killed":{"aquaculture:blackfish":6,"minecraft:cave_spider":3,"aquaculture:red_grouper":4,"minecraft:spider":9,"aquaculture:muskellunge":1,"minecraft:skeleton":6,"minecraft:drowned":4,"aquaculture:carp":3,"aquaculture:rainbow_trout":3,"aquaculture:atlantic_cod":1,"minecraft:pig":3,"minecraft:salmon":10,"minecraft:rabbit":2,"aquaculture:jellyfish":4,"minecraft:creeper":1,"minecraft:sheep":3,"aquaculture:minnow":1,"minecraft:zombie":16},"minecraft:mined":{"create:zinc_ore":4,"minecraft:dark_prismarine":6,"minecraft:tuff":2,"minecraft:spruce_planks":15,"minecraft:white_bed":1,"quark:shale":2,"minecraft:cherry_log":6,"minecraft:ladder":3,"minecraft:granite":14,"minecraft:grass_block":61,"minecraft:brick_stairs":2,"minecraft:spruce_leaves":19,"minecraft:sandstone":4,"minecraft:redstone_ore":1,"minecraft:furnace":11,"minecraft:iron_ore":109,"minecraft:andesite":8,"minecraft:bookshelf":20,"minecraft:deepslate_iron_ore":35,"minecraft:rail":3,"minecraft:packed_ice":4,"minecraft:stone":208,"create:limestone":2,"minecraft:tripwire":1,"farmersdelight:cooking_pot":2,"minecraft:deepslate_redstone_ore":4,"minecraft:polished_granite":2,"minecraft:crafting_table":9,"minecraft:torch":5,"create:scoria":1,"minecraft:copper_ore":11,"minecraft:tall_grass":2,"minecraft:cobblestone":4,"minecraft:oak_planks":2,"minecraft:deepslate_gold_ore":11,"minecraft:lapis_ore":4,"minecraft:sugar_cane":7,"minecraft:bricks":9,"minecraft:diorite":5,"minecraft:wall_torch":5,"minecraft:pink_petals":1,"minecraft:ice":39,"minecraft:spruce_log":44,"minecraft:grass":33,"minecraft:coal_ore":219,"minecraft:dark_oak_button":1,"minecraft:gravel":14,"minecraft:sand":10,"minecraft:dirt":18,"minecraft:cobweb":73,"create:crimsite":12,"minecraft:deepslate":7,"quark:hollow_spruce_log":2},"minecraft:dropped":{"minecraft:iron_ingot":19,"minecraft:bread":5,"minecraft:wheat_seeds":5,"minecraft:cooked_beef":5,"minecraft:cherry_log":4,"minecraft:oak_log":1,"minecraft:crafting_table":1,"minecraft:cobblestone":4,"minecraft:lead":1,"aquaculture:minnow":1,"create:crimsite":4,"minecraft:coal":72,"minecraft:golden_apple":1,"minecraft:stick":4,"quark:hollow_spruce_log":2,"minecraft:mutton":4,"minecraft:cooked_salmon":4,"minecraft:iron_leggings":1,"gravestone:obituary":1,"minecraft:string":7,"create:raw_zinc":4,"minecraft:gravel":7,"minecraft:stone_axe":1,"minecraft:bowl":4,"minecraft:tuff":1,"minecraft:raw_iron":1,"minecraft:rotten_flesh":7,"minecraft:oak_planks":8,"minecraft:iron_boots":1,"aquaculture:rainbow_trout":1,"minecraft:rabbit_hide":2,"minecraft:spruce_planks":13,"minecraft:iron_chestplate":1,"minecraft:spider_eye":1,"minecraft:arrow":3,"minecraft:stone_pickaxe":1},"minecraft:crafted":{"immersive_aircraft:engine":1,"minecraft:smooth_stone":3,"immersive_aircraft:sturdy_pipes":1,"minecraft:spruce_button":1,"immersive_aircraft:sail":2,"minecraft:cooked_chicken":3,"minecraft:furnace":6,"minecraft:blast_furnace":1,"immersive_aircraft:biplane":1,"minecraft:piston":2,"minecraft:stone":3,"minecraft:bone_meal":15,"minecraft:white_carpet":12,"smallships:sail":2,"minecraft:iron_boots":2,"minecraft:slime_ball":3,"immersive_aircraft:hull":5,"minecraft:stone_pickaxe":2,"minecraft:spruce_boat":5,"quark:spruce_chest":3,"smallships:spruce_brigg":1,"minecraft:lead":6,"minecraft:cooked_rabbit":2,"minecraft:cooked_beef":13,"minecraft:cooked_porkchop":11,"immersive_aircraft:boiler":1,"minecraft:crafting_table":2,"minecraft:spruce_planks":172,"minecraft:wooden_pickaxe":1,"minecraft:iron_helmet":1,"minecraft:iron_sword":1,"minecraft:bowl":4,"minecraft:cooked_salmon":7,"minecraft:copper_ingot":38,"minecraft:spruce_chest_boat":3,"minecraft:stone_axe":2,"immersive_aircraft:propeller":2,"minecraft:air":0,"minecraft:iron_chestplate":2,"minecraft:white_wool":18,"immersive_aircraft:gyrodyne":1,"minecraft:paper":3,"minecraft:shield":1,"minecraft:stick":44,"minecraft:iron_ingot":130,"minecraft:iron_pickaxe":3,"minecraft:wooden_axe":1,"minecraft:iron_shovel":1,"minecraft:iron_leggings":2,"minecraft:white_bed":1,"minecraft:torch":84,"minecraft:firework_rocket":9},"minecraft:custom":{"minecraft:mob_kills":80,"minecraft:interact_with_crafting_table":66,"minecraft:leave_game":2,"minecraft:time_since_death":153563,"minecraft:climb_one_cm":23652,"minecraft:sprint_one_cm":255658,"minecraft:walk_one_cm":346956,"minecraft:damage_blocked_by_shield":465,"minecraft:drop":60,"minecraft:play_time":153563,"minecraft:sneak_time":9829,"minecraft:walk_under_water_one_cm":41019,"minecraft:boat_one_cm":330746,"minecraft:jump":2312,"minecraft:walk_on_water_one_cm":15466,"minecraft:total_world_time":153563,"minecraft:interact_with_furnace":104,"minecraft:sleep_in_bed":6,"minecraft:time_since_rest":452,"minecraft:damage_taken":887,"minecraft:damage_dealt":8635,"minecraft:swim_one_cm":105639,"minecraft:fly_one_cm":487511,"minecraft:open_chest":17,"minecraft:crouch_one_cm":31867,"minecraft:fall_one_cm":43309},"minecraft:used":{"minecraft:iron_shovel":51,"minecraft:spruce_planks":79,"minecraft:shield":9,"minecraft:iron_sword":178,"minecraft:cooked_salmon":3,"minecraft:rotten_flesh":2,"aquaculture:blackfish":6,"minecraft:torch":122,"aquaculture:muskellunge":1,"aquaculture:red_grouper":4,"minecraft:spruce_boat":3,"aquaculture:rainbow_trout":3,"minecraft:wooden_axe":58,"minecraft:bricks":7,"minecraft:spruce_button":1,"minecraft:furnace":12,"farmersdelight:cooking_pot":2,"immersive_aircraft:biplane":2,"minecraft:stone_pickaxe":195,"create:crimsite":8,"minecraft:wooden_pickaxe":59,"minecraft:crafting_table":10,"minecraft:white_bed":2,"minecraft:dark_prismarine":5,"minecraft:string":1,"aquaculture:carp":3,"minecraft:bread":10,"minecraft:iron_pickaxe":503,"minecraft:polished_granite":2,"minecraft:gravel":15,"minecraft:stone_axe":139,"minecraft:cobblestone":53,"smallships:spruce_brigg":1,"minecraft:cooked_porkchop":8,"minecraft:cooked_rabbit":2,"immersive_aircraft:gyrodyne":2,"aquaculture:atlantic_cod":1},"minecraft:broken":{"minecraft:wooden_pickaxe":1,"minecraft:stone_pickaxe":1,"minecraft:stone_axe":1,"minecraft:iron_sword":1,"minecraft:iron_pickaxe":2,"minecraft:wooden_axe":1},"minecraft:picked_up":{"minecraft:crafting_table":9,"quark:hollow_spruce_log":2,"aquaculture:blackfish":10,"gravestone:obituary":1,"minecraft:string":91,"aquaculture:muskellunge":1,"minecraft:moss_carpet":1,"minecraft:raw_copper":39,"create:limestone":2,"immersive_aircraft:biplane":1,"minecraft:spruce_planks":26,"minecraft:sugar_cane":23,"minecraft:furnace":8,"minecraft:stick":4,"minecraft:raw_iron":152,"minecraft:sandstone":4,"minecraft:torch":22,"minecraft:porkchop":8,"minecraft:cherry_log":8,"minecraft:redstone":23,"minecraft:arrow":3,"minecraft:rotten_flesh":9,"aquaculture:carp":3,"minecraft:mutton":9,"minecraft:rail":1,"minecraft:white_wool":3,"minecraft:cobblestone":177,"minecraft:salmon":9,"minecraft:tuff":1,"create:raw_zinc":4,"minecraft:lapis_lazuli":25,"immersive_aircraft:gyrodyne":1,"aquaculture:rainbow_trout":4,"minecraft:dirt":64,"minecraft:polished_granite":2,"minecraft:bone":5,"farmersdelight:cooking_pot":2,"minecraft:wheat_seeds":5,"minecraft:raw_gold":11,"minecraft:rabbit_hide":2,"minecraft:iron_ingot":31,"aquaculture:minnow":1,"minecraft:rabbit":2,"minecraft:oak_planks":8,"aquaculture:jellyfish":3,"minecraft:book":60,"minecraft:gravel":22,"minecraft:sand":9,"aquaculture:red_grouper":4,"minecraft:white_bed":1,"minecraft:spruce_log":43,"minecraft:spider_eye":2,"minecraft:dark_prismarine":6,"aquaculture:atlantic_cod":1,"create:crimsite":12,"minecraft:spruce_boat":1,"minecraft:stone_axe":1,"minecraft:bone_meal":1,"minecraft:bread":5,"minecraft:bricks":7,"minecraft:coal":427}},"DataVersion":3465}