{"stats":{"minecraft:killed":{"minecraft:skeleton":1},"minecraft:mined":{"minecraft:grass":3,"minecraft:grass_block":8,"minecraft:dirt":1,"minecraft:birch_leaves":1,"minecraft:oak_leaves":9},"minecraft:used":{"minecraft:rotten_flesh":2,"minecraft:dirt":9,"minecraft:egg":1},"minecraft:custom":{"minecraft:time_since_rest":1212,"minecraft:crouch_one_cm":535,"minecraft:sprint_one_cm":22521,"minecraft:play_time":4688,"minecraft:deaths":1,"minecraft:damage_taken":325,"minecraft:walk_one_cm":14521,"minecraft:sneak_time":88,"minecraft:mob_kills":1,"minecraft:jump":128,"minecraft:damage_dealt":120,"minecraft:leave_game":2,"minecraft:walk_on_water_one_cm":360,"minecraft:time_since_death":1186,"minecraft:total_world_time":4688,"minecraft:fall_one_cm":4367,"minecraft:fly_one_cm":13528},"minecraft:picked_up":{"minecraft:arrow":2,"minecraft:bone":1,"minecraft:rotten_flesh":2,"minecraft:dirt":9,"minecraft:egg":1}},"DataVersion":3465}