{"stats":{"minecraft:picked_up":{"minecraft:iron_chestplate":1,"minecraft:creeper_head":1,"quark:hollow_spruce_log":2,"aquaculture:blackfish":10,"minecraft:smithing_table":1,"minecraft:lead":2,"minecraft:diamond_sword":1,"minecraft:oak_stairs":99,"minecraft:golden_sword":6,"minecraft:string":125,"minecraft:soul_soil":11,"create:limestone":2,"minecraft:shroomlight":10,"minecraft:beetroot":1,"create:water_wheel":5,"minecraft:gold_nugget":276,"minecraft:cobbled_deepslate":440,"minecraft:spruce_planks":26,"minecraft:composter":1,"create:andesite_casing":2,"quark:blossom_log":8,"minecraft:cherry_log":8,"minecraft:golden_chestplate":4,"quark:clear_shard":4,"create:scoria":39,"create:ochrum":1,"minecraft:white_terracotta":47,"minecraft:feather":4,"minecraft:flint":19,"farmersdelight:tomato":39,"minecraft:lantern":9,"minecraft:stonecutter":4,"create:shaft":4,"minecraft:rabbit":2,"minecraft:glowstone_dust":42,"aquaculture:jellyfish":6,"create:empty_blaze_burner":3,"sophisticatedbackpacks:iron_backpack":1,"minecraft:ink_sac":4,"quark:glow_lichen_growth":4,"minecraft:barrel":1,"quark:jasper":1,"create:crimsite":13,"minecraft:granite":125,"minecraft:bread":59,"minecraft:bricks":7,"minecraft:crimson_roots":14,"minecraft:diamond_pickaxe":3,"minecraft:crafting_table":17,"minecraft:leather_leggings":1,"gravestone:obituary":11,"minecraft:cornflower":2,"minecraft:cracked_stone_bricks":46,"minecraft:beef":130,"minecraft:iron_nugget":22,"minecraft:poppy":14,"minecraft:egg":4,"minecraft:sandstone":23,"minecraft:stone":837,"minecraft:oak_door":1,"sophisticatedbackpacks:backpack":2,"minecraft:carrot":633,"minecraft:redstone":83,"minecraft:beetroot_seeds":3,"minecraft:hay_block":2,"create:depot":1,"aquaculture:carp":3,"minecraft:mutton":9,"minecraft:white_wool":63,"minecraft:bone_block":82,"minecraft:rail":1,"minecraft:oxeye_daisy":4,"minecraft:stripped_oak_log":88,"quark:crab_leg":3,"create:iron_sheet":17,"minecraft:red_mushroom":14,"create:framed_glass_trapdoor":2,"minecraft:oak_log":1089,"minecraft:ancient_debris":2,"farmersdelight:skillet":2,"aquaculture:rainbow_trout":4,"farmersdelight:cooking_pot":2,"minecraft:apple":19,"minecraft:stone_bricks":11,"minecraft:kelp":4,"quark:glow_shroom":6,"minecraft:oak_fence_gate":2,"minecraft:iron_ore":5,"minecraft:cobweb":17,"minecraft:smooth_basalt":23,"minecraft:gravel":182,"aquaculture:red_grouper":5,"minecraft:spruce_log":43,"minecraft:oak_wood":36,"minecraft:coal_ore":126,"minecraft:stone_axe":11,"minecraft:painting":35,"create:rose_quartz":2,"minecraft:warped_roots":1,"minecraft:baked_potato":82,"minecraft:ender_pearl":2,"minecraft:wheat":561,"minecraft:gilded_blackstone":8,"minecraft:stone_brick_stairs":23,"aquaculture:muskellunge":1,"minecraft:raw_copper":342,"minecraft:smooth_stone_slab":14,"create:sand_paper":2,"create:mechanical_press":1,"minecraft:cobblestone_slab":3,"minecraft:calcite":51,"minecraft:iron_pickaxe":1,"minecraft:furnace":11,"minecraft:stick":111,"create:mechanical_mixer":9,"farmersdelight:rotten_tomato":1,"minecraft:oak_fence":19,"minecraft:torch":260,"minecraft:porkchop":43,"aquaculture:atlantic_halibut":1,"minecraft:diorite":37,"farmersdelight:tomato_crate":2,"minecraft:rotten_flesh":92,"minecraft:obsidian":32,"minecraft:cod":3,"minecraft:cobblestone":2079,"minecraft:cherry_planks":86,"minecraft:andesite":522,"minecraft:potato":674,"minecraft:tuff":18,"create:raw_zinc":9,"minecraft:lapis_lazuli":510,"minecraft:dirt":1780,"minecraft:polished_granite":2,"minecraft:glass":22,"minecraft:bone":36,"minecraft:bow":3,"minecraft:wheat_seeds":1279,"minecraft:raw_gold":100,"minecraft:fletching_table":10,"minecraft:oak_planks":251,"aquaculture:atlantic_herring":4,"create:cogwheel":4,"minecraft:poisonous_potato":4,"minecraft:sand":157,"minecraft:grass_block":3,"minecraft:spectral_arrow":10,"minecraft:mossy_cobblestone":4,"minecraft:dark_prismarine":6,"minecraft:diamond":46,"minecraft:spruce_boat":1,"minecraft:cracked_polished_blackstone_bricks":62,"minecraft:crossbow":6,"minecraft:bone_meal":4,"minecraft:emerald":12,"minecraft:oak_sapling":123,"minecraft:netherrack":1752,"minecraft:charcoal":16,"minecraft:azure_bluet":5,"minecraft:chicken":1,"minecraft:stone_brick_wall":3,"minecraft:gold_block":2,"minecraft:stone_stairs":1,"minecraft:oak_trapdoor":7,"minecraft:moss_carpet":1,"immersive_aircraft:biplane":1,"create:chute":8,"aquaculture:pink_salmon":1,"minecraft:blackstone":96,"aquaculture:bluegill":1,"minecraft:oak_boat":1,"create:zinc_ore":6,"create:basin":3,"minecraft:phantom_membrane":1,"minecraft:lectern":86,"minecraft:sugar_cane":316,"farmersdelight:golden_knife":1,"minecraft:cherry_trapdoor":1,"minecraft:raw_iron":485,"minecraft:cherry_stairs":4,"minecraft:copper_ingot":3,"aquaculture:perch":1,"minecraft:polished_blackstone_bricks":64,"create:hand_crank":11,"create:zinc_ingot":1,"minecraft:weeping_vines":2,"minecraft:arrow":22,"farmersdelight:rich_soil":3,"minecraft:basalt":277,"minecraft:glow_ink_sac":3,"minecraft:crimson_stem":6,"minecraft:salmon":9,"minecraft:leather":81,"create:andesite_alloy":3,"minecraft:cobblestone_stairs":9,"minecraft:nether_wart_block":20,"minecraft:gunpowder":6,"immersive_aircraft:gyrodyne":10,"minecraft:rabbit_hide":2,"minecraft:iron_ingot":79,"minecraft:stripped_oak_wood":5,"aquaculture:minnow":4,"immersive_aircraft:airship":10,"minecraft:soul_sand":2,"minecraft:book":60,"minecraft:oak_slab":34,"minecraft:stone_brick_slab":73,"minecraft:quartz":964,"minecraft:dandelion":18,"minecraft:blast_furnace":3,"minecraft:white_bed":28,"quark:oak_chest":11,"minecraft:spider_eye":9,"aquaculture:atlantic_cod":2,"minecraft:chainmail_leggings":5,"minecraft:iron_helmet":6,"minecraft:coal":1440},"minecraft:dropped":{"sophisticatedbackpacks:iron_backpack":3,"minecraft:iron_sword":1,"minecraft:lapis_lazuli":1,"minecraft:cooked_beef":9,"minecraft:glow_ink_sac":3,"minecraft:crafting_table":2,"minecraft:weeping_vines":2,"minecraft:crossbow":6,"minecraft:warped_roots":1,"create:cogwheel":1,"minecraft:red_mushroom":10,"minecraft:emerald":1,"minecraft:dirt":100,"minecraft:gold_nugget":24,"minecraft:wooden_sword":2,"minecraft:bone_meal":3,"minecraft:phantom_membrane":1,"minecraft:sand":101,"minecraft:iron_pickaxe":2,"minecraft:cherry_door":1,"minecraft:white_wool":4,"quark:oak_chest":4,"minecraft:oak_door":3,"minecraft:stone_axe":23,"minecraft:sugar_cane":63,"minecraft:iron_nugget":15,"minecraft:golden_chestplate":3,"minecraft:cobbled_deepslate":147,"minecraft:wheat":39,"minecraft:rotten_flesh":76,"minecraft:oak_planks":15,"minecraft:azure_bluet":5,"create:scoria":7,"minecraft:leather_leggings":1,"minecraft:painting":2,"minecraft:glass":22,"minecraft:beef":13,"minecraft:stone_brick_stairs":15,"minecraft:lectern":1,"minecraft:iron_ingot":50,"minecraft:golden_boots":2,"create:rose_quartz":1,"minecraft:wheat_seeds":982,"create:polished_rose_quartz":1,"minecraft:iron_helmet":14,"minecraft:oak_fence":14,"minecraft:cobblestone":365,"minecraft:feather":4,"minecraft:prismarine_crystals":2,"minecraft:granite":18,"minecraft:coal":208,"minecraft:golden_apple":1,"create:andesite_casing":1,"minecraft:oxeye_daisy":6,"minecraft:ink_sac":4,"minecraft:wooden_axe":1,"aquaculture:atlantic_herring":1,"minecraft:cherry_planks":40,"minecraft:cooked_salmon":4,"minecraft:oak_stairs":3,"quark:jasper":1,"minecraft:chainmail_leggings":12,"minecraft:paper":4,"minecraft:string":11,"create:sand_paper":4,"create:raw_zinc":5,"minecraft:stone_brick_slab":4,"minecraft:moss_carpet":1,"minecraft:soul_soil":4,"minecraft:smooth_stone_slab":1,"minecraft:bowl":4,"minecraft:diamond_hoe":1,"minecraft:chicken":1,"minecraft:iron_boots":2,"sophisticatedbackpacks:backpack":2,"minecraft:diamond_sword":1,"minecraft:potato":375,"minecraft:cobblestone_slab":11,"minecraft:stone":138,"minecraft:spruce_planks":13,"create:zinc_ingot":4,"minecraft:diamond_pickaxe":1,"create:hand_crank":1,"minecraft:spider_eye":8,"minecraft:stone_bricks":1,"aquaculture:atlantic_halibut":1,"minecraft:sandstone":19,"minecraft:bow":3,"minecraft:soul_sand":2,"quark:glow_shroom":6,"minecraft:oak_log":31,"minecraft:baked_potato":29,"minecraft:leather":3,"aquaculture:minnow":4,"create:crimsite":5,"minecraft:cod":3,"minecraft:flint":5,"minecraft:cobblestone_stairs":5,"minecraft:cracked_polished_blackstone_bricks":46,"minecraft:cornflower":2,"minecraft:mutton":4,"minecraft:crimson_roots":14,"minecraft:cooked_cod":6,"gravestone:obituary":16,"create:iron_sheet":14,"minecraft:polished_blackstone_bricks":49,"minecraft:gold_ingot":2,"minecraft:gravel":43,"minecraft:blackstone":92,"aquaculture:perch":1,"aquaculture:rainbow_trout":1,"minecraft:carrot":338,"minecraft:poppy":11,"minecraft:rabbit_hide":2,"minecraft:oak_fence_gate":2,"aquaculture:bluegill":1,"minecraft:stone_brick_wall":4,"create:zinc_ore":6,"minecraft:iron_ore":1,"minecraft:basalt":23,"minecraft:arrow":6,"create:water_wheel":1,"minecraft:quartz":107,"minecraft:netherrack":253,"create:andesite_alloy":4,"minecraft:bread":23,"minecraft:oak_slab":14,"minecraft:cherry_log":4,"minecraft:mossy_cobblestone":4,"minecraft:poisonous_potato":4,"minecraft:lead":2,"minecraft:copper_ingot":6,"minecraft:stick":39,"quark:glow_lichen_growth":4,"quark:hollow_spruce_log":3,"farmersdelight:golden_knife":1,"minecraft:diorite":23,"quark:blossom_log":1,"minecraft:torch":12,"minecraft:nether_wart_block":6,"minecraft:iron_leggings":1,"minecraft:iron_axe":2,"minecraft:pink_petals":24,"minecraft:dandelion":18,"minecraft:smooth_basalt":15,"farmersdelight:rotten_tomato":1,"minecraft:kelp":4,"minecraft:oak_trapdoor":6,"create:shaft":2,"minecraft:raw_copper":4,"minecraft:tuff":12,"minecraft:composter":1,"minecraft:raw_iron":1,"minecraft:iron_hoe":1,"minecraft:glass_pane":21,"minecraft:filled_map":1,"minecraft:iron_chestplate":4,"minecraft:andesite":479,"minecraft:oak_sapling":3,"minecraft:golden_sword":6,"minecraft:stone_pickaxe":1,"minecraft:wooden_pickaxe":2,"minecraft:calcite":50,"create:empty_blaze_burner":2},"minecraft:used":{"immersive_aircraft:airship":11,"minecraft:poppy":4,"minecraft:stone":112,"minecraft:rotten_flesh":2,"aquaculture:bluegill":1,"create:depot":1,"minecraft:spruce_boat":3,"minecraft:grass_block":3,"minecraft:stone_brick_stairs":190,"minecraft:oak_sapling":120,"minecraft:furnace":25,"minecraft:egg":3,"immersive_aircraft:biplane":2,"minecraft:potato":138,"minecraft:diorite":13,"minecraft:blackstone":4,"create:crimsite":8,"minecraft:wooden_pickaxe":59,"minecraft:blast_furnace":1,"minecraft:stone_button":2,"minecraft:lectern":88,"minecraft:polished_granite":2,"minecraft:nether_wart_block":5,"minecraft:diamond_sword":608,"create:basin":4,"smallships:spruce_brigg":1,"minecraft:smithing_table":1,"minecraft:oak_boat":6,"minecraft:oak_trapdoor":17,"minecraft:enchanting_table":1,"minecraft:stone_sword":3,"minecraft:cooked_salmon":4,"minecraft:netherrack":1133,"aquaculture:blackfish":6,"minecraft:torch":668,"create:ochrum":1,"minecraft:anvil":1,"minecraft:stone_stairs":25,"quark:cherry_bookshelf":2,"aquaculture:muskellunge":1,"minecraft:oak_fence_gate":7,"aquaculture:red_grouper":4,"minecraft:shroomlight":1,"minecraft:iron_axe":1338,"minecraft:spruce_button":1,"minecraft:barrel":3,"minecraft:smooth_basalt":8,"minecraft:basalt":254,"farmersdelight:cooking_pot":2,"farmersdelight:tomato_seeds":11,"minecraft:cobbled_deepslate":105,"minecraft:calcite":1,"minecraft:wheat_seeds":305,"minecraft:water_bucket":46,"farmersdelight:tomato_crate":2,"minecraft:cherry_planks":30,"minecraft:fletching_table":10,"create:framed_glass_trapdoor":2,"minecraft:cracked_stone_bricks":170,"minecraft:crafting_table":26,"minecraft:oak_slab":36,"minecraft:white_bed":36,"minecraft:campfire":59,"minecraft:oak_log":437,"minecraft:dark_prismarine":5,"minecraft:diamond_pickaxe":8320,"minecraft:iron_pickaxe":1574,"create:water_wheel":4,"minecraft:cobblestone":1067,"minecraft:cooked_porkchop":9,"minecraft:glass_pane":27,"quark:oak_chest":31,"minecraft:stripped_oak_log":27,"minecraft:iron_shovel":1518,"minecraft:bone_block":7,"minecraft:shield":62,"minecraft:iron_sword":394,"minecraft:iron_chestplate":2,"create:cogwheel":5,"minecraft:carrot":149,"minecraft:tuff":2,"minecraft:obsidian":20,"aquaculture:rainbow_trout":3,"minecraft:glass":7,"farmersdelight:tomato":24,"minecraft:coal_ore":1,"minecraft:bricks":7,"minecraft:lantern":9,"create:scoria":32,"minecraft:stone_bricks":131,"minecraft:stone_pickaxe":195,"minecraft:oak_planks":340,"minecraft:sugar_cane":39,"minecraft:white_wool":1,"minecraft:crossbow":2,"minecraft:stone_brick_wall":11,"minecraft:bread":96,"minecraft:string":1,"create:andesite_casing":1,"minecraft:gravel":37,"minecraft:stripped_oak_wood":21,"minecraft:cooked_rabbit":2,"minecraft:andesite":27,"immersive_aircraft:gyrodyne":13,"minecraft:smooth_stone_slab":83,"minecraft:bone_meal":150,"minecraft:golden_pickaxe":114,"minecraft:cobweb":17,"minecraft:oak_fence":113,"minecraft:flint_and_steel":53,"minecraft:spruce_planks":79,"farmersdelight:rich_soil":3,"minecraft:cooked_chicken":4,"minecraft:oak_door":3,"minecraft:dirt":1473,"create:mechanical_mixer":9,"minecraft:oak_wood":2,"minecraft:granite":1,"create:chute":8,"minecraft:iron_hoe":239,"minecraft:stone_brick_slab":155,"minecraft:wooden_axe":58,"minecraft:bookshelf":18,"minecraft:oak_stairs":21,"minecraft:cherry_trapdoor":3,"minecraft:crimson_planks":24,"minecraft:golden_carrot":5,"minecraft:cooked_beef":18,"minecraft:iron_leggings":1,"minecraft:cooked_mutton":7,"minecraft:cobblestone_stairs":16,"farmersdelight:skillet":68,"create:empty_blaze_burner":2,"minecraft:baked_potato":127,"minecraft:stonecutter":3,"minecraft:cobblestone_slab":10,"minecraft:red_mushroom":4,"minecraft:painting":35,"minecraft:apple":2,"create:mechanical_press":1,"minecraft:cherry_door":2,"aquaculture:carp":3,"minecraft:stone_axe":530,"minecraft:cherry_stairs":5,"minecraft:bucket":49,"aquaculture:atlantic_cod":2,"create:hand_crank":10},"minecraft:mined":{"minecraft:white_bed":28,"create:andesite_casing":1,"minecraft:cherry_log":6,"minecraft:obsidian":33,"minecraft:granite":148,"minecraft:stone_brick_wall":3,"minecraft:oxeye_daisy":2,"quark:glow_lichen_growth":2,"minecraft:polished_blackstone_bricks":47,"minecraft:weeping_vines_plant":3,"minecraft:tall_seagrass":4,"minecraft:magma_block":1,"minecraft:cobbled_deepslate":11,"minecraft:fire":70,"minecraft:barrel":1,"minecraft:fletching_table":10,"minecraft:deepslate_lapis_ore":48,"minecraft:dirt_path":54,"minecraft:oak_stairs":99,"quark:limestone":1,"create:mechanical_press":1,"create:limestone":2,"minecraft:tripwire":1,"create:lit_blaze_burner":1,"create:cogwheel":4,"minecraft:crimson_nylium":32,"minecraft:soul_fire":4,"minecraft:torch":171,"minecraft:blast_furnace":2,"create:scoria":39,"quark:blossom_log":8,"minecraft:glass":14,"minecraft:sugar_cane":138,"minecraft:bricks":9,"create:basin":2,"minecraft:white_terracotta":47,"minecraft:wheat":190,"create:mechanical_mixer":7,"minecraft:stone_brick_stairs":26,"minecraft:grass":131,"minecraft:oak_fence_gate":2,"create:hand_crank":5,"minecraft:smooth_basalt":10,"minecraft:stonecutter":3,"minecraft:deepslate":448,"create:zinc_ore":11,"minecraft:dark_prismarine":6,"minecraft:mossy_cobblestone":4,"quark:shale":2,"minecraft:crimson_roots":14,"minecraft:red_mushroom":6,"minecraft:redstone_ore":1,"create:shaft":2,"minecraft:andesite":404,"minecraft:potatoes":63,"minecraft:cobblestone_slab":3,"minecraft:rail":3,"create:chute":9,"minecraft:bone_block":67,"minecraft:white_wool":1,"minecraft:smithing_table":1,"minecraft:oak_slab":30,"minecraft:glass_pane":5,"minecraft:cherry_planks":27,"minecraft:soul_sand":2,"quark:oak_chest":9,"minecraft:stone_brick_slab":69,"minecraft:dandelion":9,"minecraft:cornflower":2,"create:water_wheel":5,"minecraft:campfire":8,"minecraft:tall_grass":30,"minecraft:copper_ore":95,"minecraft:deepslate_gold_ore":53,"minecraft:diorite":39,"create:blaze_burner":1,"farmersdelight:skillet":1,"minecraft:spruce_log":44,"minecraft:dark_oak_button":1,"minecraft:gravel":102,"minecraft:cobweb":90,"minecraft:stone_bricks":11,"minecraft:gold_ore":9,"create:deepslate_zinc_ore":4,"minecraft:spruce_planks":15,"farmersdelight:rich_soil":3,"minecraft:oak_sapling":1,"minecraft:cobblestone_stairs":9,"farmersdelight:tomato_crate":2,"minecraft:cherry_trapdoor":3,"minecraft:grass_block":1044,"minecraft:cracked_polished_blackstone_bricks":45,"minecraft:soul_soil":7,"minecraft:composter":1,"minecraft:glowstone":14,"minecraft:iron_ore":221,"minecraft:azure_bluet":1,"minecraft:deepslate_redstone_ore":17,"minecraft:blackstone":57,"diagonalfences:minecraft/oak_fence":15,"minecraft:calcite":49,"minecraft:poppy":2,"minecraft:nether_quartz_ore":1107,"minecraft:cobblestone":326,"minecraft:oak_planks":88,"minecraft:wall_torch":42,"minecraft:pink_petals":1,"minecraft:stone_stairs":1,"minecraft:seagrass":8,"minecraft:warped_nylium":1,"minecraft:nether_wart_block":11,"minecraft:stripped_oak_wood":5,"quark:glow_shroom":1,"minecraft:smooth_stone_slab":13,"minecraft:oak_log":994,"minecraft:beetroots":1,"minecraft:sand":156,"minecraft:dirt":692,"minecraft:netherrack":2139,"minecraft:ancient_debris":2,"create:crimsite":13,"minecraft:oak_leaves":211,"minecraft:nether_gold_ore":93,"minecraft:tuff":21,"minecraft:deepslate_diamond_ore":21,"minecraft:oak_door":1,"minecraft:glow_lichen":1,"minecraft:ladder":3,"gravestone:gravestone":3,"minecraft:brick_stairs":2,"create:ochrum":1,"create:depot":1,"minecraft:spruce_leaves":19,"minecraft:sandstone":45,"quark:jasper":5,"farmersdelight:red_mushroom_colony":2,"minecraft:crimson_stem":6,"minecraft:hay_block":2,"minecraft:oak_trapdoor":7,"minecraft:furnace":14,"minecraft:carrots":52,"minecraft:gold_block":2,"minecraft:bookshelf":20,"minecraft:deepslate_iron_ore":103,"minecraft:shroomlight":9,"minecraft:lantern":9,"minecraft:stripped_oak_log":73,"minecraft:packed_ice":10,"minecraft:stone":2604,"minecraft:cherry_stairs":4,"farmersdelight:cooking_pot":2,"minecraft:basalt":298,"minecraft:polished_granite":2,"minecraft:oak_fence":4,"minecraft:crafting_table":17,"minecraft:oak_wood":36,"minecraft:lectern":88,"minecraft:lapis_ore":20,"minecraft:ice":43,"minecraft:coal_ore":1015,"minecraft:cracked_stone_bricks":47,"quark:hollow_spruce_log":2},"minecraft:broken":{"minecraft:iron_sword":1,"minecraft:wooden_pickaxe":1,"minecraft:iron_axe":5,"minecraft:iron_pickaxe":6,"minecraft:iron_shovel":6,"minecraft:stone_pickaxe":1,"minecraft:stone_axe":4,"minecraft:wooden_axe":1},"minecraft:killed_by":{"minecraft:piglin_brute":1,"minecraft:iron_golem":2,"minecraft:skeleton":1},"minecraft:crafted":{"immersive_aircraft:engine":2,"minecraft:smooth_stone":44,"immersive_aircraft:sturdy_pipes":2,"minecraft:lever":1,"minecraft:bookshelf":19,"minecraft:cracked_stone_bricks":150,"minecraft:cooked_mutton":7,"minecraft:glass":35,"minecraft:diamond_helmet":1,"minecraft:diamond_leggings":1,"minecraft:cooked_rabbit":2,"minecraft:emerald":110,"minecraft:cooked_porkchop":14,"minecraft:smithing_table":1,"minecraft:copper_ingot":365,"minecraft:fletching_table":1,"minecraft:campfire":59,"immersive_aircraft:propeller":5,"minecraft:painting":2,"minecraft:lectern":1,"quark:oak_chest":27,"minecraft:iron_pickaxe":7,"minecraft:iron_block":3,"minecraft:gold_ingot":83,"minecraft:golden_carrot":31,"minecraft:iron_nugget":27,"minecraft:diamond_hoe":2,"immersive_aircraft:biplane":1,"minecraft:bone_meal":150,"quark:cherry_bookshelf":2,"minecraft:white_carpet":75,"minecraft:stone_stairs":32,"minecraft:cherry_trapdoor":2,"minecraft:stone_pickaxe":2,"farmersdelight:tomato":9,"minecraft:diamond_boots":1,"minecraft:spruce_boat":5,"quark:spruce_chest":3,"smallships:spruce_brigg":1,"minecraft:lead":6,"minecraft:chainmail_leggings":7,"minecraft:wheat":18,"minecraft:enchanting_table":1,"immersive_aircraft:industrial_gears":1,"sophisticatedbackpacks:gold_backpack":1,"minecraft:enchanted_book":1,"minecraft:oak_fence_gate":6,"minecraft:oak_stairs":20,"minecraft:wooden_axe":1,"minecraft:iron_shovel":6,"minecraft:iron_leggings":5,"minecraft:white_bed":9,"minecraft:oak_planks":2076,"minecraft:cobblestone_slab":18,"minecraft:barrel":2,"minecraft:cooked_chicken":3,"minecraft:cobblestone_stairs":12,"minecraft:stone":26,"smallships:sail":2,"minecraft:stone_brick_slab":68,"minecraft:iron_boots":4,"immersive_aircraft:hull":11,"immersive_aircraft:steel_boiler":1,"minecraft:stone_bricks":35,"minecraft:oak_fence":141,"minecraft:golden_boots":2,"minecraft:oak_slab":24,"sophisticatedbackpacks:backpack":3,"quark:blossom_planks":52,"minecraft:crafting_table":12,"minecraft:spruce_planks":172,"minecraft:iron_helmet":12,"minecraft:wooden_pickaxe":1,"minecraft:baked_potato":131,"create:sand_paper":2,"minecraft:spruce_chest_boat":3,"minecraft:book":4,"minecraft:iron_chestplate":5,"minecraft:paper":159,"minecraft:diamond_pickaxe":3,"minecraft:shield":1,"minecraft:stick":3458,"minecraft:iron_ingot":404,"minecraft:stone_sword":1,"minecraft:shears":1,"create:empty_blaze_burner":1,"minecraft:oak_door":6,"minecraft:coal":125,"minecraft:stone_brick_wall":12,"minecraft:spruce_button":1,"immersive_aircraft:sail":12,"minecraft:blast_furnace":3,"minecraft:stone_button":2,"minecraft:furnace":20,"minecraft:piston":4,"minecraft:glass_pane":48,"minecraft:oak_trapdoor":16,"minecraft:flint_and_steel":1,"farmersdelight:tomato_crate":1,"minecraft:iron_axe":7,"minecraft:iron_hoe":1,"minecraft:slime_ball":3,"create:basin":1,"sophisticatedbackpacks:iron_backpack":3,"immersive_aircraft:airship":1,"minecraft:cooked_beef":106,"immersive_aircraft:enhanced_propeller":1,"minecraft:crimson_planks":24,"create:andesite_alloy":8,"minecraft:diamond_sword":1,"immersive_aircraft:boiler":3,"quark:vertical_oak_planks":6,"minecraft:iron_sword":2,"minecraft:bowl":4,"minecraft:cooked_salmon":8,"minecraft:stripped_oak_wood":18,"minecraft:bucket":1,"minecraft:stone_axe":16,"minecraft:air":0,"minecraft:bread":47,"minecraft:oak_boat":5,"minecraft:white_wool":18,"immersive_aircraft:gyrodyne":3,"minecraft:gold_nugget":252,"minecraft:cherry_door":3,"minecraft:anvil":1,"minecraft:torch":436,"minecraft:diamond_chestplate":1,"minecraft:firework_rocket":9},"minecraft:killed":{"minecraft:cave_spider":3,"aquaculture:red_grouper":6,"minecraft:cod":10,"minecraft:skeleton":38,"minecraft:chicken":1,"minecraft:cat":1,"minecraft:magma_cube":29,"minecraft:salmon":10,"minecraft:iron_golem":2,"minecraft:zombie":73,"minecraft:cow":59,"aquaculture:atlantic_halibut":1,"minecraft:rabbit":2,"minecraft:wandering_trader":1,"aquaculture:pollock":2,"minecraft:zombified_piglin":21,"minecraft:witch":1,"minecraft:spider":25,"aquaculture:gar":1,"aquaculture:muskellunge":1,"quark:crab":4,"aquaculture:perch":2,"aquaculture:atlantic_herring":5,"minecraft:piglin_brute":5,"aquaculture:carp":4,"minecraft:piglin":59,"minecraft:pig":5,"minecraft:zombie_villager":1,"minecraft:creeper":10,"minecraft:sheep":4,"minecraft:trader_llama":2,"aquaculture:minnow":5,"aquaculture:blackfish":7,"aquaculture:bluegill":4,"aquaculture:pink_salmon":1,"minecraft:phantom":2,"minecraft:drowned":11,"aquaculture:rainbow_trout":3,"aquaculture:atlantic_cod":2,"quark:foxhound":6,"aquaculture:jellyfish":11,"minecraft:hoglin":18,"minecraft:squid":2,"minecraft:villager":2},"minecraft:custom":{"minecraft:interact_with_crafting_table":331,"minecraft:open_barrel":7,"minecraft:bell_ring":7,"minecraft:leave_game":8,"minecraft:time_since_death":428798,"minecraft:damage_blocked_by_shield":1900,"minecraft:play_time":1359126,"minecraft:deaths":4,"minecraft:jump":19860,"minecraft:enchant_item":16,"minecraft:interact_with_furnace":349,"minecraft:traded_with_villager":140,"minecraft:sleep_in_bed":25,"minecraft:damage_dealt":68096,"minecraft:horse_one_cm":8341,"minecraft:interact_with_anvil":3,"minecraft:damage_dealt_absorbed":178,"minecraft:sneak_time":96748,"minecraft:interact_with_blast_furnace":15,"minecraft:total_world_time":1359126,"minecraft:interact_with_stonecutter":40,"minecraft:time_since_rest":1990,"minecraft:swim_one_cm":407653,"minecraft:fly_one_cm":3529448,"minecraft:open_chest":628,"minecraft:fall_one_cm":411700,"minecraft:animals_bred":187,"minecraft:sprint_one_cm":2860495,"minecraft:drop":1386,"minecraft:talked_to_villager":321,"minecraft:walk_on_water_one_cm":168770,"minecraft:player_kills":1,"minecraft:crouch_one_cm":375982,"minecraft:mob_kills":467,"minecraft:damage_dealt_resisted":278,"minecraft:climb_one_cm":26887,"minecraft:walk_one_cm":3753689,"minecraft:walk_under_water_one_cm":117964,"minecraft:boat_one_cm":3357330,"astikorcarts:cart_one_cm":17900,"minecraft:damage_taken":8444}},"DataVersion":3465}