{"stats":{"minecraft:killed":{"minecraft:skeleton":1},"minecraft:picked_up":{"minecraft:arrow":2,"minecraft:bone":1,"minecraft:rotten_flesh":2,"minecraft:dirt":9,"minecraft:egg":1},"minecraft:custom":{"minecraft:time_since_rest":244,"minecraft:deaths":1,"minecraft:crouch_one_cm":535,"minecraft:play_time":3720,"minecraft:sprint_one_cm":19265,"minecraft:damage_taken":325,"minecraft:walk_one_cm":12345,"minecraft:sneak_time":88,"minecraft:mob_kills":1,"minecraft:jump":104,"minecraft:damage_dealt":120,"minecraft:leave_game":1,"minecraft:time_since_death":218,"minecraft:total_world_time":3720,"minecraft:fall_one_cm":3680,"minecraft:fly_one_cm":10247},"minecraft:used":{"minecraft:rotten_flesh":2,"minecraft:dirt":9,"minecraft:egg":1},"minecraft:mined":{"minecraft:grass":1,"minecraft:grass_block":8,"minecraft:dirt":1,"minecraft:oak_leaves":8}},"DataVersion":3465}