{"stats":{"minecraft:picked_up":{"minecraft:wheat":227,"minecraft:creeper_head":1,"quark:hollow_spruce_log":2,"aquaculture:blackfish":10,"minecraft:oak_stairs":99,"minecraft:stone_brick_stairs":23,"minecraft:string":114,"aquaculture:muskellunge":1,"minecraft:raw_copper":329,"create:limestone":2,"minecraft:smooth_stone_slab":12,"minecraft:beetroot":1,"create:mechanical_press":1,"minecraft:cobbled_deepslate":161,"minecraft:spruce_planks":26,"minecraft:cobblestone_slab":3,"minecraft:calcite":50,"minecraft:furnace":10,"minecraft:stick":97,"minecraft:composter":1,"minecraft:oak_fence":15,"minecraft:torch":82,"create:andesite_casing":2,"minecraft:porkchop":9,"minecraft:cherry_log":8,"minecraft:diorite":13,"minecraft:golden_chestplate":2,"minecraft:rotten_flesh":42,"minecraft:obsidian":19,"minecraft:cobblestone":1499,"minecraft:feather":4,"minecraft:cherry_planks":18,"minecraft:andesite":478,"minecraft:potato":217,"minecraft:flint":7,"minecraft:tuff":13,"create:raw_zinc":5,"minecraft:lapis_lazuli":510,"minecraft:dirt":1160,"minecraft:polished_granite":2,"minecraft:bone":24,"minecraft:bow":3,"minecraft:stonecutter":3,"minecraft:wheat_seeds":707,"minecraft:raw_gold":52,"minecraft:fletching_table":4,"minecraft:rabbit":2,"minecraft:oak_planks":149,"aquaculture:jellyfish":3,"minecraft:poisonous_potato":4,"minecraft:sand":155,"minecraft:mossy_cobblestone":4,"quark:glow_lichen_growth":4,"minecraft:grass_block":3,"minecraft:barrel":1,"minecraft:dark_prismarine":6,"quark:jasper":1,"create:crimsite":12,"minecraft:diamond":17,"minecraft:spruce_boat":1,"minecraft:granite":19,"minecraft:bone_meal":1,"minecraft:bread":25,"minecraft:oak_sapling":117,"minecraft:bricks":7,"minecraft:crafting_table":15,"minecraft:charcoal":16,"minecraft:azure_bluet":1,"minecraft:chicken":1,"minecraft:stone_brick_wall":3,"gravestone:obituary":2,"minecraft:cornflower":2,"minecraft:oak_trapdoor":5,"minecraft:moss_carpet":1,"immersive_aircraft:biplane":1,"minecraft:cracked_stone_bricks":19,"minecraft:beef":18,"create:zinc_ore":6,"minecraft:iron_nugget":22,"minecraft:poppy":6,"minecraft:sugar_cane":72,"farmersdelight:golden_knife":1,"minecraft:egg":2,"minecraft:raw_iron":299,"minecraft:sandstone":23,"minecraft:stone":501,"minecraft:oak_door":1,"sophisticatedbackpacks:backpack":2,"create:hand_crank":1,"minecraft:carrot":190,"minecraft:redstone":83,"minecraft:arrow":17,"minecraft:beetroot_seeds":3,"minecraft:hay_block":2,"aquaculture:carp":3,"minecraft:mutton":9,"minecraft:bone_block":11,"minecraft:rail":1,"minecraft:white_wool":35,"minecraft:stripped_oak_log":72,"quark:crab_leg":3,"farmersdelight:rich_soil":3,"minecraft:glow_ink_sac":3,"minecraft:salmon":9,"minecraft:leather":13,"minecraft:oak_log":830,"create:andesite_alloy":1,"minecraft:gunpowder":4,"minecraft:cobblestone_stairs":9,"farmersdelight:skillet":1,"immersive_aircraft:gyrodyne":7,"aquaculture:rainbow_trout":4,"minecraft:apple":18,"minecraft:stone_bricks":11,"farmersdelight:cooking_pot":2,"minecraft:rabbit_hide":2,"minecraft:iron_ingot":53,"minecraft:oak_fence_gate":2,"quark:glow_shroom":6,"minecraft:cobweb":17,"minecraft:iron_ore":5,"minecraft:stripped_oak_wood":5,"aquaculture:minnow":1,"minecraft:book":60,"minecraft:oak_slab":34,"minecraft:stone_brick_slab":71,"minecraft:dandelion":9,"minecraft:gravel":68,"aquaculture:red_grouper":4,"minecraft:blast_furnace":2,"minecraft:white_bed":3,"minecraft:spruce_log":43,"quark:oak_chest":4,"minecraft:spider_eye":5,"aquaculture:atlantic_cod":1,"minecraft:oak_wood":2,"minecraft:coal_ore":126,"minecraft:stone_axe":1,"minecraft:baked_potato":25,"minecraft:coal":974,"minecraft:ender_pearl":1},"minecraft:dropped":{"sophisticatedbackpacks:iron_backpack":2,"minecraft:iron_sword":1,"minecraft:lapis_lazuli":1,"quark:glow_shroom":6,"minecraft:cooked_beef":9,"minecraft:oak_log":31,"minecraft:baked_potato":22,"minecraft:glow_ink_sac":3,"minecraft:crafting_table":1,"aquaculture:minnow":1,"create:crimsite":4,"minecraft:cobblestone_stairs":5,"minecraft:flint":5,"minecraft:dirt":23,"minecraft:cornflower":2,"minecraft:mutton":4,"gravestone:obituary":2,"minecraft:sand":101,"minecraft:iron_pickaxe":1,"minecraft:white_wool":3,"quark:oak_chest":4,"minecraft:oak_door":3,"minecraft:gravel":36,"minecraft:stone_axe":2,"minecraft:sugar_cane":12,"minecraft:iron_nugget":11,"minecraft:golden_chestplate":2,"minecraft:cobbled_deepslate":145,"minecraft:wheat":13,"minecraft:rotten_flesh":37,"minecraft:oak_planks":10,"minecraft:azure_bluet":1,"minecraft:carrot":108,"aquaculture:rainbow_trout":1,"minecraft:poppy":3,"minecraft:rabbit_hide":2,"minecraft:oak_fence_gate":2,"minecraft:stone_brick_wall":4,"create:zinc_ore":6,"minecraft:iron_ore":1,"minecraft:arrow":6,"minecraft:stone_brick_stairs":15,"minecraft:iron_ingot":19,"minecraft:bread":10,"minecraft:oak_slab":12,"minecraft:wheat_seeds":403,"minecraft:cherry_log":4,"minecraft:mossy_cobblestone":4,"minecraft:oak_fence":10,"minecraft:poisonous_potato":4,"minecraft:lead":1,"minecraft:cobblestone":348,"minecraft:iron_helmet":1,"minecraft:feather":4,"minecraft:prismarine_crystals":2,"minecraft:granite":18,"minecraft:coal":72,"minecraft:golden_apple":1,"minecraft:stick":20,"create:andesite_casing":1,"quark:glow_lichen_growth":4,"quark:hollow_spruce_log":2,"minecraft:diorite":6,"quark:blossom_log":1,"minecraft:torch":7,"minecraft:cooked_salmon":4,"minecraft:iron_leggings":1,"minecraft:oak_stairs":3,"quark:jasper":1,"minecraft:string":7,"minecraft:stone_brick_slab":4,"create:raw_zinc":5,"minecraft:dandelion":9,"minecraft:oak_trapdoor":4,"minecraft:raw_copper":4,"minecraft:bowl":4,"minecraft:tuff":12,"minecraft:composter":1,"minecraft:raw_iron":1,"minecraft:iron_boots":1,"minecraft:iron_hoe":1,"sophisticatedbackpacks:backpack":2,"minecraft:glass_pane":21,"minecraft:filled_map":1,"minecraft:potato":67,"minecraft:cobblestone_slab":11,"minecraft:stone":3,"minecraft:spruce_planks":13,"minecraft:diamond_pickaxe":1,"minecraft:iron_chestplate":1,"minecraft:andesite":476,"minecraft:oak_sapling":3,"minecraft:stone_bricks":1,"minecraft:spider_eye":4,"minecraft:sandstone":19,"minecraft:bow":3,"minecraft:stone_pickaxe":1,"minecraft:calcite":50},"minecraft:used":{"minecraft:iron_shovel":1267,"minecraft:poppy":2,"minecraft:shield":28,"minecraft:stone":27,"minecraft:iron_sword":394,"minecraft:rotten_flesh":2,"minecraft:carrot":100,"minecraft:tuff":1,"minecraft:spruce_boat":3,"aquaculture:rainbow_trout":3,"minecraft:bricks":7,"minecraft:coal_ore":1,"minecraft:grass_block":3,"minecraft:stone_brick_stairs":190,"minecraft:stone_bricks":123,"minecraft:oak_sapling":114,"minecraft:furnace":23,"minecraft:egg":2,"immersive_aircraft:biplane":2,"minecraft:potato":120,"minecraft:diorite":6,"minecraft:stone_pickaxe":195,"minecraft:oak_planks":321,"create:crimsite":8,"minecraft:wooden_pickaxe":59,"minecraft:sugar_cane":23,"minecraft:white_wool":1,"minecraft:blast_furnace":1,"minecraft:stone_brick_wall":11,"minecraft:stone_button":2,"minecraft:string":1,"minecraft:bread":55,"minecraft:polished_granite":2,"minecraft:gravel":26,"create:andesite_casing":1,"minecraft:diamond_sword":1,"smallships:spruce_brigg":1,"minecraft:stripped_oak_wood":21,"minecraft:cooked_rabbit":2,"immersive_aircraft:gyrodyne":10,"minecraft:smooth_stone_slab":72,"minecraft:bone_meal":150,"minecraft:golden_pickaxe":114,"minecraft:cobweb":17,"minecraft:oak_fence":113,"minecraft:oak_trapdoor":15,"minecraft:enchanting_table":1,"minecraft:spruce_planks":79,"farmersdelight:rich_soil":3,"minecraft:cooked_salmon":3,"minecraft:cooked_chicken":4,"aquaculture:blackfish":6,"minecraft:oak_door":3,"minecraft:torch":432,"minecraft:dirt":833,"minecraft:oak_wood":2,"minecraft:granite":1,"aquaculture:muskellunge":1,"minecraft:oak_fence_gate":7,"aquaculture:red_grouper":4,"minecraft:iron_hoe":239,"minecraft:stone_brick_slab":153,"minecraft:wooden_axe":58,"minecraft:bookshelf":15,"minecraft:iron_axe":988,"minecraft:oak_stairs":21,"minecraft:spruce_button":1,"minecraft:barrel":3,"farmersdelight:cooking_pot":2,"farmersdelight:tomato_seeds":11,"minecraft:cooked_beef":16,"minecraft:cobbled_deepslate":16,"minecraft:iron_leggings":1,"minecraft:wheat_seeds":305,"minecraft:cooked_mutton":7,"minecraft:water_bucket":17,"minecraft:cobblestone_stairs":16,"farmersdelight:skillet":59,"minecraft:baked_potato":26,"minecraft:fletching_table":4,"minecraft:stonecutter":2,"minecraft:cobblestone_slab":10,"minecraft:cracked_stone_bricks":122,"minecraft:oak_slab":36,"minecraft:crafting_table":20,"minecraft:white_bed":8,"minecraft:campfire":59,"minecraft:oak_log":434,"minecraft:dark_prismarine":5,"minecraft:diamond_pickaxe":2824,"minecraft:apple":1,"create:mechanical_press":1,"aquaculture:carp":3,"minecraft:iron_pickaxe":1507,"minecraft:stone_axe":530,"minecraft:cobblestone":859,"minecraft:cooked_porkchop":8,"minecraft:bucket":18,"minecraft:glass_pane":27,"aquaculture:atlantic_cod":1,"quark:oak_chest":23,"create:hand_crank":1,"minecraft:stripped_oak_log":27},"minecraft:mined":{"farmersdelight:rich_soil":3,"minecraft:spruce_planks":15,"minecraft:white_bed":3,"minecraft:oak_sapling":1,"minecraft:cherry_log":6,"create:andesite_casing":1,"minecraft:cobblestone_stairs":9,"minecraft:obsidian":20,"minecraft:granite":33,"minecraft:stone_brick_wall":3,"minecraft:grass_block":816,"minecraft:composter":1,"minecraft:oxeye_daisy":1,"quark:glow_lichen_growth":2,"minecraft:tall_seagrass":3,"minecraft:iron_ore":204,"minecraft:barrel":1,"minecraft:fletching_table":4,"minecraft:deepslate_lapis_ore":48,"minecraft:azure_bluet":1,"minecraft:dirt_path":11,"minecraft:oak_stairs":99,"create:mechanical_press":1,"create:limestone":2,"minecraft:tripwire":1,"minecraft:deepslate_redstone_ore":17,"minecraft:torch":28,"minecraft:blast_furnace":1,"diagonalfences:minecraft/oak_fence":15,"minecraft:calcite":48,"minecraft:poppy":1,"create:scoria":1,"minecraft:cobblestone":173,"minecraft:oak_planks":87,"minecraft:sugar_cane":36,"minecraft:bricks":9,"minecraft:wall_torch":18,"minecraft:pink_petals":1,"minecraft:seagrass":1,"minecraft:wheat":190,"minecraft:stripped_oak_wood":5,"minecraft:smooth_stone_slab":11,"minecraft:stone_brick_stairs":26,"quark:glow_shroom":1,"minecraft:grass":108,"minecraft:oak_log":736,"minecraft:beetroots":1,"minecraft:oak_fence_gate":2,"minecraft:sand":154,"minecraft:dirt":350,"minecraft:stonecutter":2,"create:crimsite":12,"minecraft:oak_leaves":170,"minecraft:deepslate":169,"create:zinc_ore":11,"minecraft:dark_prismarine":6,"minecraft:tuff":15,"minecraft:mossy_cobblestone":4,"minecraft:deepslate_diamond_ore":9,"quark:shale":2,"minecraft:oak_door":1,"minecraft:glow_lichen":1,"minecraft:ladder":3,"minecraft:brick_stairs":2,"minecraft:spruce_leaves":19,"minecraft:sandstone":45,"quark:jasper":5,"minecraft:hay_block":2,"minecraft:redstone_ore":1,"minecraft:oak_trapdoor":5,"minecraft:furnace":13,"minecraft:carrots":49,"minecraft:andesite":392,"minecraft:bookshelf":20,"minecraft:potatoes":62,"minecraft:cobblestone_slab":3,"minecraft:deepslate_iron_ore":63,"minecraft:rail":3,"minecraft:stripped_oak_log":73,"minecraft:packed_ice":4,"minecraft:white_wool":1,"minecraft:stone":2101,"farmersdelight:cooking_pot":2,"minecraft:oak_slab":30,"minecraft:glass_pane":5,"quark:oak_chest":4,"minecraft:stone_brick_slab":67,"minecraft:dandelion":7,"minecraft:polished_granite":2,"minecraft:crafting_table":15,"minecraft:cornflower":2,"minecraft:oak_wood":2,"minecraft:campfire":8,"minecraft:copper_ore":92,"minecraft:tall_grass":28,"minecraft:lapis_ore":20,"minecraft:deepslate_gold_ore":32,"minecraft:diorite":15,"farmersdelight:skillet":1,"minecraft:ice":39,"minecraft:spruce_log":44,"minecraft:coal_ore":849,"minecraft:dark_oak_button":1,"minecraft:gravel":58,"minecraft:cobweb":90,"minecraft:cracked_stone_bricks":20,"minecraft:stone_bricks":11,"minecraft:gold_ore":9,"quark:hollow_spruce_log":2},"minecraft:broken":{"minecraft:iron_shovel":5,"minecraft:stone_pickaxe":1,"minecraft:stone_axe":4,"minecraft:iron_sword":1,"minecraft:wooden_axe":1,"minecraft:wooden_pickaxe":1,"minecraft:iron_axe":4,"minecraft:iron_pickaxe":6},"minecraft:crafted":{"immersive_aircraft:engine":1,"minecraft:oak_planks":892,"minecraft:smooth_stone":39,"minecraft:cobblestone_slab":18,"minecraft:barrel":2,"immersive_aircraft:sturdy_pipes":1,"minecraft:cooked_chicken":3,"minecraft:stone":23,"minecraft:cobblestone_stairs":12,"minecraft:bookshelf":19,"minecraft:cracked_stone_bricks":103,"minecraft:cooked_mutton":7,"smallships:sail":2,"minecraft:glass":34,"minecraft:stone_brick_slab":68,"minecraft:iron_boots":2,"immersive_aircraft:hull":9,"minecraft:stone_bricks":35,"minecraft:oak_fence":141,"minecraft:cooked_rabbit":2,"minecraft:oak_slab":18,"minecraft:emerald":16,"sophisticatedbackpacks:backpack":3,"quark:blossom_planks":20,"minecraft:cooked_porkchop":14,"minecraft:crafting_table":7,"minecraft:spruce_planks":172,"minecraft:iron_helmet":5,"minecraft:wooden_pickaxe":1,"minecraft:baked_potato":36,"minecraft:copper_ingot":280,"minecraft:fletching_table":1,"minecraft:spruce_chest_boat":3,"minecraft:campfire":59,"immersive_aircraft:propeller":4,"minecraft:iron_chestplate":2,"minecraft:paper":3,"minecraft:diamond_pickaxe":2,"minecraft:shield":1,"minecraft:stick":972,"quark:oak_chest":26,"minecraft:iron_ingot":237,"minecraft:iron_pickaxe":7,"minecraft:gold_ingot":55,"minecraft:shears":1,"minecraft:oak_door":6,"minecraft:coal":125,"minecraft:stone_brick_wall":12,"minecraft:iron_nugget":9,"minecraft:spruce_button":1,"immersive_aircraft:sail":6,"minecraft:furnace":16,"minecraft:stone_button":2,"minecraft:blast_furnace":2,"immersive_aircraft:biplane":1,"minecraft:piston":2,"minecraft:bone_meal":150,"minecraft:white_carpet":36,"minecraft:glass_pane":48,"minecraft:oak_trapdoor":14,"minecraft:iron_axe":4,"minecraft:iron_hoe":1,"minecraft:slime_ball":3,"minecraft:stone_pickaxe":2,"minecraft:spruce_boat":5,"quark:spruce_chest":3,"smallships:spruce_brigg":1,"minecraft:lead":6,"sophisticatedbackpacks:iron_backpack":3,"minecraft:wheat":18,"minecraft:cooked_beef":25,"create:andesite_alloy":1,"minecraft:diamond_sword":1,"immersive_aircraft:boiler":1,"quark:vertical_oak_planks":6,"minecraft:enchanting_table":1,"minecraft:iron_sword":2,"minecraft:bowl":4,"minecraft:cooked_salmon":8,"minecraft:stripped_oak_wood":18,"sophisticatedbackpacks:gold_backpack":1,"minecraft:bucket":1,"minecraft:stone_axe":5,"minecraft:bread":30,"minecraft:air":0,"minecraft:oak_fence_gate":6,"minecraft:white_wool":18,"immersive_aircraft:gyrodyne":3,"minecraft:oak_stairs":20,"minecraft:wooden_axe":1,"minecraft:iron_shovel":5,"minecraft:iron_leggings":3,"minecraft:white_bed":5,"minecraft:torch":352,"minecraft:firework_rocket":9},"minecraft:killed":{"minecraft:cave_spider":3,"minecraft:witch":1,"aquaculture:red_grouper":4,"minecraft:spider":16,"aquaculture:muskellunge":1,"minecraft:skeleton":23,"minecraft:chicken":1,"quark:crab":4,"aquaculture:carp":3,"minecraft:pig":4,"minecraft:zombie_villager":1,"minecraft:salmon":10,"minecraft:creeper":6,"minecraft:sheep":3,"aquaculture:minnow":1,"minecraft:zombie":44,"minecraft:cow":10,"aquaculture:blackfish":6,"minecraft:drowned":7,"aquaculture:rainbow_trout":3,"aquaculture:atlantic_cod":1,"minecraft:rabbit":2,"aquaculture:jellyfish":4,"minecraft:squid":1},"minecraft:custom":{"minecraft:animals_bred":70,"minecraft:interact_with_crafting_table":229,"minecraft:open_barrel":2,"minecraft:bell_ring":1,"minecraft:leave_game":5,"minecraft:time_since_death":667723,"minecraft:sprint_one_cm":1571544,"minecraft:damage_blocked_by_shield":885,"minecraft:drop":476,"minecraft:talked_to_villager":29,"minecraft:play_time":667723,"minecraft:jump":10413,"minecraft:walk_on_water_one_cm":110940,"minecraft:enchant_item":8,"minecraft:interact_with_furnace":282,"minecraft:traded_with_villager":19,"minecraft:sleep_in_bed":13,"minecraft:damage_dealt":23239,"minecraft:player_kills":1,"minecraft:crouch_one_cm":168365,"minecraft:horse_one_cm":8341,"minecraft:mob_kills":159,"minecraft:damage_dealt_resisted":278,"minecraft:climb_one_cm":23652,"minecraft:walk_one_cm":2008767,"minecraft:damage_dealt_absorbed":160,"minecraft:sneak_time":42249,"minecraft:walk_under_water_one_cm":72285,"minecraft:boat_one_cm":361949,"minecraft:interact_with_blast_furnace":11,"minecraft:total_world_time":667723,"minecraft:interact_with_stonecutter":36,"minecraft:time_since_rest":221843,"minecraft:damage_taken":3068,"minecraft:swim_one_cm":208683,"minecraft:fly_one_cm":1956104,"minecraft:open_chest":268,"minecraft:fall_one_cm":201636}},"DataVersion":3465}