{"stats":{"minecraft:broken":{"minecraft:iron_shovel":1,"minecraft:stone_pickaxe":1,"minecraft:stone_axe":1,"minecraft:iron_sword":1,"minecraft:wooden_axe":1,"minecraft:wooden_pickaxe":1,"minecraft:iron_pickaxe":4},"minecraft:picked_up":{"minecraft:wheat":22,"minecraft:creeper_head":1,"quark:hollow_spruce_log":2,"aquaculture:blackfish":10,"minecraft:oak_stairs":2,"minecraft:string":111,"aquaculture:muskellunge":1,"create:limestone":2,"minecraft:raw_copper":322,"minecraft:cobbled_deepslate":161,"minecraft:spruce_planks":26,"minecraft:calcite":50,"minecraft:furnace":8,"minecraft:stick":4,"minecraft:oak_fence":4,"minecraft:torch":30,"minecraft:porkchop":8,"minecraft:cherry_log":8,"minecraft:diorite":1,"minecraft:golden_chestplate":2,"minecraft:rotten_flesh":22,"minecraft:obsidian":11,"minecraft:cobblestone":456,"minecraft:flint":5,"minecraft:tuff":12,"create:raw_zinc":4,"minecraft:dirt":371,"minecraft:lapis_lazuli":440,"minecraft:polished_granite":2,"minecraft:bone":13,"minecraft:stonecutter":1,"minecraft:bow":1,"minecraft:wheat_seeds":58,"minecraft:raw_gold":52,"minecraft:rabbit":2,"minecraft:oak_planks":64,"aquaculture:jellyfish":3,"minecraft:sand":81,"quark:glow_lichen_growth":4,"minecraft:grass_block":1,"minecraft:dark_prismarine":6,"quark:jasper":1,"create:crimsite":12,"minecraft:diamond":17,"minecraft:spruce_boat":1,"minecraft:granite":16,"minecraft:bone_meal":1,"minecraft:bread":13,"minecraft:bricks":7,"minecraft:crafting_table":9,"minecraft:azure_bluet":1,"gravestone:obituary":1,"minecraft:cornflower":2,"minecraft:moss_carpet":1,"immersive_aircraft:biplane":1,"minecraft:beef":12,"minecraft:iron_nugget":22,"minecraft:poppy":3,"minecraft:sugar_cane":60,"farmersdelight:golden_knife":1,"minecraft:egg":1,"minecraft:raw_iron":272,"minecraft:sandstone":23,"sophisticatedbackpacks:backpack":2,"minecraft:redstone":83,"minecraft:arrow":9,"aquaculture:carp":3,"minecraft:mutton":9,"minecraft:white_wool":21,"minecraft:rail":1,"minecraft:bone_block":11,"quark:crab_leg":3,"minecraft:glow_ink_sac":3,"minecraft:salmon":9,"minecraft:leather":8,"minecraft:gunpowder":2,"immersive_aircraft:gyrodyne":4,"aquaculture:rainbow_trout":4,"farmersdelight:cooking_pot":2,"minecraft:rabbit_hide":2,"minecraft:iron_ingot":31,"minecraft:oak_fence_gate":2,"quark:glow_shroom":1,"minecraft:cobweb":17,"aquaculture:minnow":1,"minecraft:book":60,"minecraft:dandelion":9,"minecraft:gravel":51,"aquaculture:red_grouper":4,"minecraft:blast_furnace":1,"minecraft:white_bed":1,"minecraft:spruce_log":43,"minecraft:spider_eye":2,"aquaculture:atlantic_cod":1,"minecraft:stone_axe":1,"minecraft:coal":598},"minecraft:crafted":{"immersive_aircraft:engine":1,"minecraft:smooth_stone":3,"immersive_aircraft:sturdy_pipes":1,"minecraft:cooked_chicken":3,"minecraft:stone":3,"minecraft:bookshelf":19,"minecraft:cooked_mutton":7,"smallships:sail":2,"minecraft:iron_boots":2,"immersive_aircraft:hull":9,"minecraft:oak_fence":96,"minecraft:cooked_rabbit":2,"sophisticatedbackpacks:backpack":3,"quark:blossom_planks":12,"minecraft:cooked_porkchop":14,"minecraft:crafting_table":3,"minecraft:spruce_planks":172,"minecraft:wooden_pickaxe":1,"minecraft:iron_helmet":1,"minecraft:copper_ingot":109,"minecraft:spruce_chest_boat":3,"immersive_aircraft:propeller":4,"minecraft:paper":3,"minecraft:iron_chestplate":2,"minecraft:diamond_pickaxe":1,"minecraft:shield":1,"minecraft:stick":192,"quark:oak_chest":9,"minecraft:iron_ingot":169,"minecraft:iron_pickaxe":5,"minecraft:shears":1,"minecraft:spruce_button":1,"immersive_aircraft:sail":6,"minecraft:furnace":6,"minecraft:blast_furnace":1,"immersive_aircraft:biplane":1,"minecraft:piston":2,"minecraft:bone_meal":42,"minecraft:white_carpet":36,"minecraft:iron_axe":1,"minecraft:iron_hoe":1,"minecraft:slime_ball":3,"minecraft:stone_pickaxe":2,"minecraft:spruce_boat":5,"quark:spruce_chest":3,"smallships:spruce_brigg":1,"minecraft:lead":6,"sophisticatedbackpacks:iron_backpack":3,"minecraft:cooked_beef":25,"immersive_aircraft:boiler":1,"minecraft:enchanting_table":1,"minecraft:iron_sword":2,"minecraft:bowl":4,"minecraft:cooked_salmon":7,"minecraft:bucket":1,"minecraft:stone_axe":2,"minecraft:air":0,"minecraft:oak_fence_gate":6,"minecraft:white_wool":18,"immersive_aircraft:gyrodyne":3,"minecraft:oak_stairs":4,"minecraft:wooden_axe":1,"minecraft:iron_shovel":2,"minecraft:iron_leggings":2,"minecraft:white_bed":1,"minecraft:torch":280,"minecraft:firework_rocket":9},"minecraft:custom":{"minecraft:animals_bred":10,"minecraft:interact_with_crafting_table":101,"minecraft:leave_game":3,"minecraft:time_since_death":311332,"minecraft:sprint_one_cm":545248,"minecraft:damage_blocked_by_shield":585,"minecraft:drop":131,"minecraft:play_time":311332,"minecraft:jump":4921,"minecraft:walk_on_water_one_cm":76575,"minecraft:enchant_item":1,"minecraft:interact_with_furnace":141,"minecraft:sleep_in_bed":9,"minecraft:damage_dealt":14635,"minecraft:crouch_one_cm":63853,"minecraft:mob_kills":116,"minecraft:climb_one_cm":23652,"minecraft:walk_one_cm":784031,"minecraft:sneak_time":18504,"minecraft:walk_under_water_one_cm":55616,"minecraft:boat_one_cm":330746,"minecraft:total_world_time":311332,"minecraft:time_since_rest":144983,"minecraft:damage_taken":1322,"minecraft:swim_one_cm":128255,"minecraft:fly_one_cm":910131,"minecraft:open_chest":147,"minecraft:fall_one_cm":89164},"minecraft:used":{"minecraft:iron_shovel":413,"minecraft:shield":14,"minecraft:iron_sword":304,"minecraft:rotten_flesh":2,"minecraft:carrot":7,"minecraft:spruce_boat":3,"aquaculture:rainbow_trout":3,"minecraft:bricks":7,"minecraft:grass_block":1,"minecraft:furnace":12,"minecraft:egg":1,"immersive_aircraft:biplane":2,"minecraft:potato":6,"minecraft:stone_pickaxe":195,"create:crimsite":8,"minecraft:wooden_pickaxe":59,"minecraft:sugar_cane":23,"minecraft:bread":13,"minecraft:string":1,"minecraft:polished_granite":2,"minecraft:gravel":16,"smallships:spruce_brigg":1,"minecraft:cooked_rabbit":2,"immersive_aircraft:gyrodyne":7,"minecraft:bone_meal":42,"minecraft:golden_pickaxe":114,"minecraft:cobweb":17,"minecraft:oak_fence":67,"minecraft:enchanting_table":1,"minecraft:spruce_planks":79,"minecraft:cooked_chicken":3,"minecraft:cooked_salmon":3,"aquaculture:blackfish":6,"minecraft:torch":230,"minecraft:dirt":379,"aquaculture:muskellunge":1,"minecraft:oak_fence_gate":7,"aquaculture:red_grouper":4,"minecraft:iron_hoe":75,"minecraft:wooden_axe":58,"minecraft:bookshelf":15,"minecraft:iron_axe":19,"minecraft:oak_stairs":5,"minecraft:spruce_button":1,"farmersdelight:cooking_pot":2,"minecraft:cooked_beef":8,"farmersdelight:tomato_seeds":11,"minecraft:cobbled_deepslate":16,"minecraft:wheat_seeds":53,"minecraft:cooked_mutton":7,"minecraft:water_bucket":16,"minecraft:crafting_table":11,"minecraft:white_bed":2,"minecraft:dark_prismarine":5,"minecraft:diamond_pickaxe":680,"aquaculture:carp":3,"minecraft:iron_pickaxe":1004,"minecraft:stone_axe":139,"minecraft:cobblestone":196,"minecraft:cooked_porkchop":8,"minecraft:bucket":17,"aquaculture:atlantic_cod":1,"quark:oak_chest":6},"minecraft:killed":{"minecraft:cave_spider":3,"aquaculture:red_grouper":4,"minecraft:spider":9,"aquaculture:muskellunge":1,"minecraft:skeleton":13,"quark:crab":4,"aquaculture:carp":3,"minecraft:pig":3,"minecraft:salmon":10,"minecraft:creeper":2,"minecraft:sheep":3,"aquaculture:minnow":1,"minecraft:zombie":30,"minecraft:cow":7,"aquaculture:blackfish":6,"minecraft:drowned":6,"aquaculture:rainbow_trout":3,"aquaculture:atlantic_cod":1,"minecraft:rabbit":2,"aquaculture:jellyfish":4,"minecraft:squid":1},"minecraft:mined":{"minecraft:spruce_planks":15,"minecraft:white_bed":1,"minecraft:cherry_log":6,"minecraft:obsidian":12,"minecraft:granite":30,"minecraft:grass_block":328,"quark:glow_lichen_growth":2,"minecraft:tall_seagrass":1,"minecraft:iron_ore":172,"minecraft:deepslate_lapis_ore":48,"minecraft:azure_bluet":1,"minecraft:oak_stairs":2,"create:limestone":2,"minecraft:tripwire":1,"minecraft:deepslate_redstone_ore":17,"minecraft:torch":7,"diagonalfences:minecraft/oak_fence":4,"minecraft:calcite":48,"minecraft:poppy":1,"create:scoria":1,"minecraft:cobblestone":11,"minecraft:sugar_cane":36,"minecraft:oak_planks":2,"minecraft:bricks":9,"minecraft:wall_torch":7,"minecraft:pink_petals":1,"minecraft:seagrass":1,"minecraft:wheat":5,"quark:glow_shroom":1,"minecraft:grass":74,"minecraft:oak_fence_gate":2,"minecraft:sand":79,"minecraft:dirt":99,"create:crimsite":12,"minecraft:deepslate":169,"create:zinc_ore":4,"minecraft:dark_prismarine":6,"minecraft:tuff":14,"quark:shale":2,"minecraft:deepslate_diamond_ore":9,"minecraft:glow_lichen":1,"minecraft:ladder":3,"minecraft:brick_stairs":2,"minecraft:spruce_leaves":19,"minecraft:sandstone":45,"quark:jasper":5,"minecraft:redstone_ore":1,"minecraft:furnace":11,"minecraft:andesite":41,"minecraft:bookshelf":20,"minecraft:deepslate_iron_ore":63,"minecraft:rail":3,"minecraft:packed_ice":4,"minecraft:stone":728,"farmersdelight:cooking_pot":2,"minecraft:dandelion":7,"minecraft:polished_granite":2,"minecraft:crafting_table":9,"minecraft:cornflower":2,"minecraft:tall_grass":26,"minecraft:copper_ore":90,"minecraft:lapis_ore":9,"minecraft:deepslate_gold_ore":32,"minecraft:diorite":6,"minecraft:ice":39,"minecraft:spruce_log":44,"minecraft:coal_ore":345,"minecraft:dark_oak_button":1,"minecraft:gravel":45,"minecraft:cobweb":90,"minecraft:gold_ore":9,"quark:hollow_spruce_log":2},"minecraft:dropped":{"sophisticatedbackpacks:iron_backpack":2,"quark:glow_shroom":1,"minecraft:cooked_beef":5,"minecraft:oak_log":1,"minecraft:glow_ink_sac":3,"minecraft:crafting_table":1,"aquaculture:minnow":1,"create:crimsite":4,"minecraft:flint":5,"minecraft:dirt":8,"minecraft:cornflower":2,"minecraft:mutton":4,"gravestone:obituary":1,"minecraft:sand":61,"minecraft:iron_pickaxe":1,"minecraft:gravel":35,"minecraft:stone_axe":2,"minecraft:iron_nugget":4,"minecraft:golden_chestplate":1,"minecraft:cobbled_deepslate":145,"minecraft:wheat":9,"minecraft:rotten_flesh":17,"minecraft:oak_planks":10,"minecraft:azure_bluet":1,"aquaculture:rainbow_trout":1,"minecraft:poppy":3,"minecraft:rabbit_hide":2,"minecraft:oak_fence_gate":2,"minecraft:arrow":3,"minecraft:iron_ingot":19,"minecraft:bread":10,"minecraft:wheat_seeds":6,"minecraft:cherry_log":4,"minecraft:lead":1,"minecraft:cobblestone":133,"minecraft:prismarine_crystals":2,"minecraft:granite":16,"minecraft:coal":72,"minecraft:golden_apple":1,"minecraft:stick":4,"quark:glow_lichen_growth":4,"quark:hollow_spruce_log":2,"minecraft:diorite":1,"quark:blossom_log":1,"minecraft:torch":7,"minecraft:cooked_salmon":4,"minecraft:iron_leggings":1,"minecraft:oak_stairs":1,"quark:jasper":1,"minecraft:string":7,"create:raw_zinc":4,"minecraft:dandelion":9,"minecraft:bowl":4,"minecraft:tuff":12,"minecraft:raw_iron":1,"minecraft:iron_boots":1,"sophisticatedbackpacks:backpack":2,"minecraft:filled_map":1,"minecraft:spruce_planks":13,"minecraft:iron_chestplate":1,"minecraft:spider_eye":1,"minecraft:sandstone":19,"minecraft:bow":1,"minecraft:stone_pickaxe":1,"minecraft:calcite":50}},"DataVersion":3465}