{"stats":{"minecraft:picked_up":{"minecraft:wheat":189,"minecraft:creeper_head":1,"quark:hollow_spruce_log":2,"aquaculture:blackfish":10,"minecraft:oak_stairs":4,"minecraft:stone_brick_stairs":23,"minecraft:string":112,"aquaculture:muskellunge":1,"minecraft:raw_copper":325,"create:limestone":2,"minecraft:smooth_stone_slab":12,"minecraft:beetroot":1,"create:mechanical_press":1,"minecraft:cobbled_deepslate":161,"minecraft:spruce_planks":26,"minecraft:cobblestone_slab":3,"minecraft:calcite":50,"minecraft:furnace":9,"minecraft:stick":96,"minecraft:composter":1,"minecraft:oak_fence":15,"minecraft:torch":69,"create:andesite_casing":2,"minecraft:porkchop":8,"minecraft:cherry_log":8,"minecraft:diorite":8,"minecraft:golden_chestplate":2,"minecraft:rotten_flesh":31,"minecraft:obsidian":11,"minecraft:cobblestone":1161,"minecraft:feather":4,"minecraft:andesite":478,"minecraft:potato":98,"minecraft:flint":5,"minecraft:tuff":12,"create:raw_zinc":5,"minecraft:lapis_lazuli":459,"minecraft:dirt":1134,"minecraft:polished_granite":2,"minecraft:bone":17,"minecraft:bow":1,"minecraft:stonecutter":3,"minecraft:wheat_seeds":514,"minecraft:raw_gold":52,"minecraft:rabbit":2,"minecraft:oak_planks":73,"aquaculture:jellyfish":3,"minecraft:poisonous_potato":1,"minecraft:sand":155,"quark:glow_lichen_growth":4,"minecraft:grass_block":3,"minecraft:barrel":1,"minecraft:dark_prismarine":6,"quark:jasper":1,"create:crimsite":12,"minecraft:diamond":17,"minecraft:spruce_boat":1,"minecraft:granite":19,"minecraft:bone_meal":1,"minecraft:bread":13,"minecraft:oak_sapling":117,"minecraft:bricks":7,"minecraft:charcoal":16,"minecraft:crafting_table":14,"minecraft:azure_bluet":1,"minecraft:chicken":1,"minecraft:stone_brick_wall":3,"gravestone:obituary":2,"minecraft:oak_trapdoor":1,"minecraft:cornflower":2,"minecraft:moss_carpet":1,"immersive_aircraft:biplane":1,"minecraft:cracked_stone_bricks":19,"minecraft:beef":12,"create:zinc_ore":6,"minecraft:iron_nugget":22,"minecraft:poppy":4,"minecraft:sugar_cane":72,"farmersdelight:golden_knife":1,"minecraft:egg":1,"minecraft:raw_iron":272,"minecraft:sandstone":23,"minecraft:stone":500,"sophisticatedbackpacks:backpack":2,"create:hand_crank":1,"minecraft:carrot":30,"minecraft:redstone":83,"minecraft:arrow":13,"minecraft:beetroot_seeds":3,"minecraft:hay_block":2,"aquaculture:carp":3,"minecraft:mutton":9,"minecraft:bone_block":11,"minecraft:rail":1,"minecraft:white_wool":21,"minecraft:stripped_oak_log":72,"quark:crab_leg":3,"minecraft:glow_ink_sac":3,"minecraft:salmon":9,"minecraft:leather":8,"minecraft:oak_log":752,"create:andesite_alloy":1,"minecraft:cobblestone_stairs":5,"minecraft:gunpowder":4,"immersive_aircraft:gyrodyne":4,"aquaculture:rainbow_trout":4,"minecraft:stone_bricks":10,"minecraft:apple":18,"farmersdelight:cooking_pot":2,"minecraft:oak_fence_gate":2,"minecraft:rabbit_hide":2,"minecraft:iron_ingot":53,"quark:glow_shroom":6,"minecraft:cobweb":17,"minecraft:iron_ore":5,"minecraft:stripped_oak_wood":5,"aquaculture:minnow":1,"minecraft:book":60,"minecraft:oak_slab":34,"minecraft:stone_brick_slab":71,"minecraft:dandelion":9,"minecraft:gravel":58,"aquaculture:red_grouper":4,"minecraft:blast_furnace":1,"minecraft:white_bed":1,"minecraft:spruce_log":43,"quark:oak_chest":4,"minecraft:spider_eye":3,"aquaculture:atlantic_cod":1,"minecraft:oak_wood":2,"minecraft:coal_ore":126,"minecraft:stone_axe":1,"minecraft:coal":598,"minecraft:ender_pearl":1},"minecraft:dropped":{"sophisticatedbackpacks:iron_backpack":2,"minecraft:iron_sword":1,"quark:glow_shroom":1,"minecraft:cooked_beef":9,"minecraft:oak_log":31,"minecraft:baked_potato":22,"minecraft:glow_ink_sac":3,"minecraft:crafting_table":1,"aquaculture:minnow":1,"create:crimsite":4,"minecraft:flint":5,"minecraft:dirt":8,"minecraft:cornflower":2,"minecraft:mutton":4,"gravestone:obituary":2,"minecraft:sand":61,"minecraft:iron_pickaxe":1,"minecraft:gravel":35,"minecraft:stone_axe":2,"minecraft:sugar_cane":12,"minecraft:iron_nugget":4,"minecraft:golden_chestplate":1,"minecraft:cobbled_deepslate":145,"minecraft:wheat":11,"minecraft:rotten_flesh":24,"minecraft:oak_planks":10,"minecraft:azure_bluet":1,"aquaculture:rainbow_trout":1,"minecraft:poppy":3,"minecraft:rabbit_hide":2,"minecraft:oak_fence_gate":2,"minecraft:arrow":4,"minecraft:iron_ingot":19,"minecraft:bread":10,"minecraft:wheat_seeds":13,"minecraft:cherry_log":4,"minecraft:iron_helmet":1,"minecraft:poisonous_potato":1,"minecraft:lead":1,"minecraft:cobblestone":345,"minecraft:feather":4,"minecraft:prismarine_crystals":2,"minecraft:granite":16,"minecraft:coal":72,"minecraft:golden_apple":1,"minecraft:stick":4,"create:andesite_casing":1,"quark:glow_lichen_growth":4,"quark:hollow_spruce_log":2,"minecraft:diorite":4,"quark:blossom_log":1,"minecraft:torch":7,"minecraft:cooked_salmon":4,"minecraft:iron_leggings":1,"minecraft:oak_stairs":1,"quark:jasper":1,"minecraft:string":7,"create:raw_zinc":4,"minecraft:dandelion":9,"minecraft:bowl":4,"minecraft:tuff":12,"minecraft:raw_iron":1,"minecraft:iron_boots":1,"sophisticatedbackpacks:backpack":2,"minecraft:filled_map":1,"minecraft:stone":3,"minecraft:spruce_planks":13,"minecraft:iron_chestplate":1,"minecraft:andesite":350,"minecraft:oak_sapling":3,"minecraft:spider_eye":1,"minecraft:sandstone":19,"minecraft:bow":1,"minecraft:stone_pickaxe":1,"minecraft:calcite":50},"minecraft:used":{"minecraft:iron_shovel":1267,"minecraft:shield":21,"minecraft:stone":26,"minecraft:iron_sword":394,"minecraft:rotten_flesh":2,"minecraft:carrot":46,"minecraft:spruce_boat":3,"aquaculture:rainbow_trout":3,"minecraft:bricks":7,"minecraft:coal_ore":1,"minecraft:grass_block":3,"minecraft:stone_brick_stairs":190,"minecraft:stone_bricks":123,"minecraft:oak_sapling":114,"minecraft:furnace":22,"minecraft:egg":1,"immersive_aircraft:biplane":2,"minecraft:potato":68,"minecraft:diorite":3,"minecraft:stone_pickaxe":195,"minecraft:oak_planks":321,"create:crimsite":8,"minecraft:wooden_pickaxe":59,"minecraft:sugar_cane":23,"minecraft:stone_brick_wall":11,"minecraft:stone_button":2,"minecraft:string":1,"minecraft:bread":42,"minecraft:polished_granite":2,"create:andesite_casing":1,"minecraft:gravel":16,"smallships:spruce_brigg":1,"minecraft:stripped_oak_wood":21,"minecraft:cooked_rabbit":2,"immersive_aircraft:gyrodyne":7,"minecraft:smooth_stone_slab":72,"minecraft:bone_meal":150,"minecraft:golden_pickaxe":114,"minecraft:cobweb":17,"minecraft:oak_fence":113,"minecraft:oak_trapdoor":15,"minecraft:enchanting_table":1,"minecraft:spruce_planks":79,"minecraft:cooked_salmon":3,"minecraft:cooked_chicken":4,"aquaculture:blackfish":6,"minecraft:oak_door":3,"minecraft:torch":358,"minecraft:dirt":815,"minecraft:oak_wood":2,"minecraft:granite":1,"aquaculture:muskellunge":1,"minecraft:oak_fence_gate":7,"aquaculture:red_grouper":4,"minecraft:iron_hoe":239,"minecraft:stone_brick_slab":153,"minecraft:wooden_axe":58,"minecraft:bookshelf":15,"minecraft:iron_axe":738,"minecraft:oak_stairs":21,"minecraft:spruce_button":1,"minecraft:barrel":3,"farmersdelight:cooking_pot":2,"farmersdelight:tomato_seeds":11,"minecraft:cooked_beef":16,"minecraft:cobbled_deepslate":16,"minecraft:iron_leggings":1,"minecraft:wheat_seeds":263,"minecraft:cooked_mutton":7,"minecraft:water_bucket":17,"minecraft:cobblestone_stairs":16,"farmersdelight:skillet":3,"minecraft:baked_potato":13,"minecraft:stonecutter":2,"minecraft:cobblestone_slab":10,"minecraft:cracked_stone_bricks":122,"minecraft:oak_slab":36,"minecraft:crafting_table":18,"minecraft:white_bed":2,"minecraft:campfire":59,"minecraft:oak_log":434,"minecraft:dark_prismarine":5,"minecraft:diamond_pickaxe":2038,"minecraft:apple":1,"create:mechanical_press":1,"aquaculture:carp":3,"minecraft:iron_pickaxe":1507,"minecraft:stone_axe":530,"minecraft:cobblestone":623,"minecraft:cooked_porkchop":8,"minecraft:bucket":18,"minecraft:glass_pane":27,"aquaculture:atlantic_cod":1,"quark:oak_chest":23,"create:hand_crank":1,"minecraft:stripped_oak_log":27},"minecraft:mined":{"minecraft:white_bed":1,"minecraft:spruce_planks":15,"minecraft:oak_sapling":1,"create:andesite_casing":1,"minecraft:cherry_log":6,"minecraft:cobblestone_stairs":5,"minecraft:obsidian":12,"minecraft:granite":33,"minecraft:stone_brick_wall":3,"minecraft:grass_block":809,"minecraft:composter":1,"minecraft:oxeye_daisy":1,"quark:glow_lichen_growth":2,"minecraft:tall_seagrass":3,"minecraft:iron_ore":177,"minecraft:barrel":1,"minecraft:deepslate_lapis_ore":48,"minecraft:azure_bluet":1,"minecraft:dirt_path":11,"minecraft:oak_stairs":4,"create:mechanical_press":1,"create:limestone":2,"minecraft:tripwire":1,"minecraft:deepslate_redstone_ore":17,"minecraft:torch":24,"diagonalfences:minecraft/oak_fence":15,"minecraft:calcite":48,"minecraft:poppy":1,"create:scoria":1,"minecraft:cobblestone":77,"minecraft:sugar_cane":36,"minecraft:oak_planks":11,"minecraft:bricks":9,"minecraft:wall_torch":18,"minecraft:pink_petals":1,"minecraft:seagrass":1,"minecraft:wheat":148,"minecraft:stripped_oak_wood":5,"minecraft:smooth_stone_slab":11,"minecraft:stone_brick_stairs":26,"quark:glow_shroom":1,"minecraft:grass":97,"minecraft:oak_log":659,"minecraft:beetroots":1,"minecraft:oak_fence_gate":2,"minecraft:sand":154,"minecraft:dirt":337,"minecraft:stonecutter":2,"create:crimsite":12,"minecraft:oak_leaves":159,"minecraft:deepslate":169,"create:zinc_ore":11,"minecraft:dark_prismarine":6,"minecraft:tuff":14,"quark:shale":2,"minecraft:deepslate_diamond_ore":9,"minecraft:glow_lichen":1,"minecraft:ladder":3,"minecraft:brick_stairs":2,"minecraft:spruce_leaves":19,"minecraft:sandstone":45,"quark:jasper":5,"minecraft:hay_block":2,"minecraft:redstone_ore":1,"minecraft:oak_trapdoor":1,"minecraft:furnace":12,"minecraft:carrots":11,"minecraft:andesite":392,"minecraft:bookshelf":20,"minecraft:potatoes":27,"minecraft:cobblestone_slab":3,"minecraft:deepslate_iron_ore":63,"minecraft:rail":3,"minecraft:stripped_oak_log":73,"minecraft:packed_ice":4,"minecraft:stone":1866,"farmersdelight:cooking_pot":2,"minecraft:oak_slab":30,"minecraft:glass_pane":1,"quark:oak_chest":4,"minecraft:stone_brick_slab":67,"minecraft:dandelion":7,"minecraft:polished_granite":2,"minecraft:crafting_table":14,"minecraft:cornflower":2,"minecraft:oak_wood":2,"minecraft:campfire":8,"minecraft:tall_grass":28,"minecraft:copper_ore":91,"minecraft:lapis_ore":12,"minecraft:deepslate_gold_ore":32,"minecraft:diorite":11,"minecraft:ice":39,"minecraft:spruce_log":44,"minecraft:coal_ore":471,"minecraft:dark_oak_button":1,"minecraft:gravel":46,"minecraft:cobweb":90,"minecraft:cracked_stone_bricks":20,"minecraft:stone_bricks":10,"minecraft:gold_ore":9,"quark:hollow_spruce_log":2},"minecraft:broken":{"minecraft:iron_shovel":5,"minecraft:stone_pickaxe":1,"minecraft:stone_axe":4,"minecraft:iron_sword":1,"minecraft:wooden_axe":1,"minecraft:wooden_pickaxe":1,"minecraft:iron_axe":3,"minecraft:iron_pickaxe":6},"minecraft:crafted":{"immersive_aircraft:engine":1,"minecraft:smooth_stone":33,"minecraft:oak_planks":580,"minecraft:cobblestone_slab":18,"minecraft:barrel":2,"immersive_aircraft:sturdy_pipes":1,"minecraft:cooked_chicken":3,"minecraft:stone":17,"minecraft:cobblestone_stairs":12,"minecraft:bookshelf":19,"minecraft:cracked_stone_bricks":103,"minecraft:cooked_mutton":7,"smallships:sail":2,"minecraft:glass":34,"minecraft:stone_brick_slab":68,"minecraft:iron_boots":2,"immersive_aircraft:hull":9,"minecraft:stone_bricks":35,"minecraft:oak_fence":141,"minecraft:cooked_rabbit":2,"minecraft:oak_slab":18,"sophisticatedbackpacks:backpack":3,"quark:blossom_planks":20,"minecraft:cooked_porkchop":14,"minecraft:crafting_table":6,"minecraft:spruce_planks":172,"minecraft:iron_helmet":2,"minecraft:wooden_pickaxe":1,"minecraft:baked_potato":36,"minecraft:copper_ingot":272,"minecraft:spruce_chest_boat":3,"minecraft:campfire":59,"immersive_aircraft:propeller":4,"minecraft:iron_chestplate":2,"minecraft:paper":3,"minecraft:diamond_pickaxe":2,"minecraft:shield":1,"minecraft:stick":332,"quark:oak_chest":26,"minecraft:iron_ingot":237,"minecraft:iron_pickaxe":7,"minecraft:gold_ingot":55,"minecraft:shears":1,"minecraft:oak_door":6,"minecraft:coal":125,"minecraft:stone_brick_wall":12,"minecraft:iron_nugget":9,"minecraft:spruce_button":1,"immersive_aircraft:sail":6,"minecraft:furnace":15,"minecraft:stone_button":2,"minecraft:blast_furnace":1,"immersive_aircraft:biplane":1,"minecraft:piston":2,"minecraft:bone_meal":150,"minecraft:white_carpet":36,"minecraft:glass_pane":48,"minecraft:oak_trapdoor":14,"minecraft:iron_axe":3,"minecraft:iron_hoe":1,"minecraft:slime_ball":3,"minecraft:stone_pickaxe":2,"minecraft:spruce_boat":5,"quark:spruce_chest":3,"smallships:spruce_brigg":1,"minecraft:lead":6,"sophisticatedbackpacks:iron_backpack":3,"minecraft:wheat":18,"minecraft:cooked_beef":25,"create:andesite_alloy":1,"immersive_aircraft:boiler":1,"quark:vertical_oak_planks":6,"minecraft:enchanting_table":1,"minecraft:iron_sword":2,"minecraft:bowl":4,"minecraft:cooked_salmon":8,"minecraft:stripped_oak_wood":18,"sophisticatedbackpacks:gold_backpack":1,"minecraft:bucket":1,"minecraft:stone_axe":5,"minecraft:bread":30,"minecraft:air":0,"minecraft:oak_fence_gate":6,"minecraft:white_wool":18,"immersive_aircraft:gyrodyne":3,"minecraft:oak_stairs":20,"minecraft:wooden_axe":1,"minecraft:iron_shovel":5,"minecraft:iron_leggings":3,"minecraft:white_bed":1,"minecraft:torch":280,"minecraft:firework_rocket":9},"minecraft:killed":{"minecraft:cave_spider":3,"aquaculture:red_grouper":4,"minecraft:spider":15,"aquaculture:muskellunge":1,"minecraft:skeleton":19,"minecraft:chicken":1,"quark:crab":4,"aquaculture:carp":3,"minecraft:pig":3,"minecraft:salmon":10,"minecraft:creeper":5,"minecraft:sheep":3,"aquaculture:minnow":1,"minecraft:zombie":39,"minecraft:cow":7,"aquaculture:blackfish":6,"minecraft:drowned":7,"aquaculture:rainbow_trout":3,"aquaculture:atlantic_cod":1,"minecraft:rabbit":2,"aquaculture:jellyfish":4,"minecraft:squid":1},"minecraft:custom":{"minecraft:animals_bred":50,"minecraft:interact_with_crafting_table":215,"minecraft:open_barrel":1,"minecraft:leave_game":4,"minecraft:time_since_death":580749,"minecraft:sprint_one_cm":1269971,"minecraft:damage_blocked_by_shield":700,"minecraft:drop":196,"minecraft:play_time":580749,"minecraft:jump":8666,"minecraft:walk_on_water_one_cm":98149,"minecraft:enchant_item":7,"minecraft:interact_with_furnace":265,"minecraft:sleep_in_bed":13,"minecraft:damage_dealt":19897,"minecraft:player_kills":1,"minecraft:crouch_one_cm":147501,"minecraft:horse_one_cm":8341,"minecraft:mob_kills":142,"minecraft:climb_one_cm":23652,"minecraft:walk_one_cm":1769074,"minecraft:sneak_time":36859,"minecraft:walk_under_water_one_cm":68063,"minecraft:boat_one_cm":361949,"minecraft:interact_with_blast_furnace":11,"minecraft:total_world_time":580749,"minecraft:interact_with_stonecutter":35,"minecraft:time_since_rest":134869,"minecraft:damage_taken":2755,"minecraft:swim_one_cm":190744,"minecraft:fly_one_cm":1610797,"minecraft:open_chest":235,"minecraft:fall_one_cm":160073}},"DataVersion":3465}