{"stats":{"minecraft:killed":{"minecraft:cave_spider":3,"aquaculture:red_grouper":5,"minecraft:cod":9,"minecraft:skeleton":29,"minecraft:chicken":1,"minecraft:salmon":10,"minecraft:iron_golem":1,"minecraft:zombie":46,"minecraft:cow":59,"aquaculture:atlantic_halibut":1,"minecraft:rabbit":2,"minecraft:wandering_trader":1,"minecraft:zombified_piglin":19,"minecraft:witch":1,"minecraft:spider":16,"aquaculture:gar":1,"aquaculture:muskellunge":1,"quark:crab":4,"aquaculture:perch":2,"aquaculture:atlantic_herring":2,"minecraft:piglin_brute":5,"aquaculture:carp":4,"minecraft:piglin":49,"minecraft:pig":5,"minecraft:zombie_villager":1,"minecraft:creeper":6,"minecraft:sheep":3,"minecraft:trader_llama":2,"aquaculture:minnow":5,"aquaculture:blackfish":7,"aquaculture:bluegill":4,"aquaculture:pink_salmon":1,"minecraft:drowned":7,"aquaculture:rainbow_trout":3,"aquaculture:atlantic_cod":2,"quark:foxhound":5,"aquaculture:jellyfish":9,"minecraft:hoglin":16,"minecraft:squid":2},"minecraft:mined":{"minecraft:white_bed":18,"create:andesite_casing":1,"minecraft:cherry_log":6,"minecraft:obsidian":20,"minecraft:granite":35,"minecraft:stone_brick_wall":3,"minecraft:oxeye_daisy":1,"quark:glow_lichen_growth":2,"minecraft:polished_blackstone_bricks":47,"minecraft:weeping_vines_plant":3,"minecraft:tall_seagrass":3,"minecraft:magma_block":1,"minecraft:fire":24,"minecraft:barrel":1,"minecraft:fletching_table":7,"minecraft:deepslate_lapis_ore":48,"minecraft:dirt_path":36,"minecraft:oak_stairs":99,"create:mechanical_press":1,"create:limestone":2,"minecraft:tripwire":1,"create:lit_blaze_burner":1,"create:cogwheel":4,"minecraft:crimson_nylium":26,"minecraft:soul_fire":2,"minecraft:torch":141,"minecraft:blast_furnace":1,"create:scoria":5,"minecraft:glass":14,"minecraft:sugar_cane":101,"minecraft:bricks":9,"create:basin":2,"minecraft:white_terracotta":47,"minecraft:wheat":190,"create:mechanical_mixer":5,"minecraft:stone_brick_stairs":26,"minecraft:grass":119,"minecraft:oak_fence_gate":2,"create:hand_crank":5,"minecraft:smooth_basalt":1,"minecraft:stonecutter":3,"minecraft:deepslate":169,"create:zinc_ore":11,"minecraft:dark_prismarine":6,"minecraft:mossy_cobblestone":4,"quark:shale":2,"minecraft:crimson_roots":14,"minecraft:red_mushroom":6,"create:shaft":2,"minecraft:redstone_ore":1,"minecraft:andesite":401,"minecraft:potatoes":63,"minecraft:cobblestone_slab":3,"minecraft:rail":3,"create:chute":9,"minecraft:bone_block":60,"minecraft:white_wool":1,"minecraft:smithing_table":1,"minecraft:oak_slab":30,"minecraft:glass_pane":5,"minecraft:soul_sand":2,"quark:oak_chest":9,"minecraft:stone_brick_slab":68,"minecraft:dandelion":7,"minecraft:cornflower":2,"create:water_wheel":5,"minecraft:campfire":8,"minecraft:tall_grass":30,"minecraft:copper_ore":92,"minecraft:deepslate_gold_ore":32,"minecraft:diorite":15,"create:blaze_burner":1,"farmersdelight:skillet":1,"minecraft:spruce_log":44,"minecraft:dark_oak_button":1,"minecraft:gravel":69,"minecraft:cobweb":90,"minecraft:stone_bricks":11,"minecraft:gold_ore":9,"minecraft:spruce_planks":15,"farmersdelight:rich_soil":3,"minecraft:oak_sapling":1,"minecraft:cobblestone_stairs":9,"farmersdelight:tomato_crate":2,"minecraft:cherry_trapdoor":3,"minecraft:grass_block":848,"minecraft:cracked_polished_blackstone_bricks":45,"minecraft:soul_soil":7,"minecraft:composter":1,"minecraft:glowstone":9,"minecraft:iron_ore":208,"minecraft:azure_bluet":1,"minecraft:deepslate_redstone_ore":17,"minecraft:blackstone":15,"diagonalfences:minecraft/oak_fence":15,"minecraft:calcite":49,"minecraft:poppy":1,"minecraft:nether_quartz_ore":841,"minecraft:cobblestone":261,"minecraft:oak_planks":87,"minecraft:wall_torch":25,"minecraft:pink_petals":1,"minecraft:seagrass":2,"minecraft:warped_nylium":1,"minecraft:nether_wart_block":11,"minecraft:stripped_oak_wood":5,"quark:glow_shroom":1,"minecraft:smooth_stone_slab":11,"minecraft:oak_log":913,"minecraft:beetroots":1,"minecraft:sand":154,"minecraft:dirt":391,"minecraft:netherrack":1690,"minecraft:ancient_debris":2,"create:crimsite":13,"minecraft:oak_leaves":203,"minecraft:nether_gold_ore":92,"minecraft:tuff":16,"minecraft:deepslate_diamond_ore":9,"minecraft:oak_door":1,"minecraft:glow_lichen":1,"minecraft:ladder":3,"gravestone:gravestone":3,"minecraft:brick_stairs":2,"create:ochrum":1,"create:depot":1,"minecraft:spruce_leaves":19,"minecraft:sandstone":45,"quark:jasper":5,"farmersdelight:red_mushroom_colony":2,"minecraft:crimson_stem":6,"minecraft:hay_block":2,"minecraft:oak_trapdoor":7,"minecraft:furnace":13,"minecraft:carrots":52,"minecraft:gold_block":2,"minecraft:bookshelf":20,"minecraft:deepslate_iron_ore":63,"minecraft:shroomlight":9,"minecraft:lantern":5,"minecraft:stripped_oak_log":73,"minecraft:packed_ice":4,"minecraft:stone":2121,"minecraft:cherry_stairs":4,"farmersdelight:cooking_pot":2,"minecraft:basalt":18,"minecraft:polished_granite":2,"minecraft:oak_fence":1,"minecraft:crafting_table":16,"minecraft:oak_wood":36,"minecraft:lectern":85,"minecraft:lapis_ore":20,"minecraft:ice":39,"minecraft:coal_ore":907,"minecraft:cracked_stone_bricks":36,"quark:hollow_spruce_log":2},"minecraft:killed_by":{"minecraft:piglin_brute":1,"minecraft:iron_golem":2,"minecraft:skeleton":1},"minecraft:dropped":{"sophisticatedbackpacks:iron_backpack":3,"minecraft:iron_sword":1,"minecraft:lapis_lazuli":1,"minecraft:cooked_beef":9,"minecraft:glow_ink_sac":3,"minecraft:crafting_table":2,"minecraft:weeping_vines":2,"minecraft:crossbow":2,"minecraft:warped_roots":1,"create:cogwheel":1,"minecraft:red_mushroom":10,"minecraft:dirt":94,"minecraft:wooden_sword":2,"minecraft:gold_nugget":22,"minecraft:bone_meal":1,"minecraft:sand":101,"minecraft:iron_pickaxe":2,"minecraft:white_wool":3,"quark:oak_chest":4,"minecraft:oak_door":3,"minecraft:stone_axe":8,"minecraft:sugar_cane":60,"minecraft:iron_nugget":15,"minecraft:golden_chestplate":3,"minecraft:cobbled_deepslate":145,"minecraft:wheat":39,"minecraft:rotten_flesh":44,"minecraft:oak_planks":15,"minecraft:azure_bluet":4,"create:scoria":7,"minecraft:leather_leggings":1,"minecraft:painting":2,"minecraft:glass":22,"minecraft:beef":13,"minecraft:stone_brick_stairs":15,"minecraft:golden_boots":2,"minecraft:iron_ingot":42,"minecraft:wheat_seeds":778,"minecraft:iron_helmet":14,"minecraft:oak_fence":11,"minecraft:cobblestone":359,"minecraft:feather":4,"minecraft:prismarine_crystals":2,"minecraft:granite":18,"minecraft:coal":80,"minecraft:golden_apple":1,"minecraft:oxeye_daisy":6,"create:andesite_casing":1,"minecraft:ink_sac":3,"minecraft:wooden_axe":1,"aquaculture:atlantic_herring":1,"minecraft:cooked_salmon":4,"minecraft:oak_stairs":3,"quark:jasper":1,"minecraft:string":7,"create:raw_zinc":5,"minecraft:stone_brick_slab":4,"minecraft:moss_carpet":1,"minecraft:soul_soil":4,"minecraft:smooth_stone_slab":1,"minecraft:bowl":4,"minecraft:chicken":1,"minecraft:iron_boots":1,"sophisticatedbackpacks:backpack":2,"minecraft:potato":227,"minecraft:cobblestone_slab":11,"minecraft:stone":138,"minecraft:spruce_planks":13,"create:zinc_ingot":4,"minecraft:diamond_pickaxe":1,"create:hand_crank":1,"minecraft:spider_eye":4,"minecraft:stone_bricks":1,"aquaculture:atlantic_halibut":1,"minecraft:sandstone":19,"minecraft:bow":3,"minecraft:soul_sand":2,"quark:glow_shroom":6,"minecraft:oak_log":31,"minecraft:baked_potato":29,"minecraft:leather":2,"aquaculture:minnow":4,"create:crimsite":5,"minecraft:cod":3,"minecraft:flint":5,"minecraft:cobblestone_stairs":5,"minecraft:cracked_polished_blackstone_bricks":46,"minecraft:cornflower":2,"minecraft:mutton":4,"minecraft:crimson_roots":14,"minecraft:cooked_cod":6,"gravestone:obituary":16,"create:iron_sheet":14,"minecraft:polished_blackstone_bricks":49,"minecraft:gold_ingot":2,"minecraft:gravel":43,"minecraft:blackstone":51,"aquaculture:perch":1,"aquaculture:rainbow_trout":1,"minecraft:carrot":249,"minecraft:poppy":5,"minecraft:rabbit_hide":2,"minecraft:oak_fence_gate":2,"aquaculture:bluegill":1,"minecraft:stone_brick_wall":4,"create:zinc_ore":6,"minecraft:iron_ore":1,"minecraft:basalt":23,"minecraft:arrow":6,"create:water_wheel":1,"minecraft:quartz":10,"minecraft:netherrack":253,"create:andesite_alloy":4,"minecraft:bread":23,"minecraft:oak_slab":14,"minecraft:cherry_log":4,"minecraft:mossy_cobblestone":4,"minecraft:poisonous_potato":4,"minecraft:lead":1,"minecraft:copper_ingot":6,"minecraft:stick":36,"quark:glow_lichen_growth":4,"farmersdelight:golden_knife":1,"quark:hollow_spruce_log":3,"minecraft:diorite":6,"quark:blossom_log":1,"minecraft:torch":11,"minecraft:nether_wart_block":6,"minecraft:iron_leggings":1,"minecraft:pink_petals":24,"minecraft:dandelion":11,"minecraft:smooth_basalt":9,"farmersdelight:rotten_tomato":1,"minecraft:kelp":4,"minecraft:oak_trapdoor":6,"create:shaft":2,"minecraft:raw_copper":4,"minecraft:tuff":12,"minecraft:composter":1,"minecraft:raw_iron":1,"minecraft:iron_hoe":1,"minecraft:glass_pane":21,"minecraft:filled_map":1,"minecraft:iron_chestplate":1,"minecraft:andesite":476,"minecraft:oak_sapling":3,"minecraft:golden_sword":6,"minecraft:stone_pickaxe":1,"minecraft:wooden_pickaxe":2,"minecraft:calcite":50,"create:empty_blaze_burner":2},"minecraft:crafted":{"immersive_aircraft:engine":1,"minecraft:smooth_stone":41,"immersive_aircraft:sturdy_pipes":1,"minecraft:bookshelf":19,"minecraft:cracked_stone_bricks":150,"minecraft:cooked_mutton":7,"minecraft:glass":35,"minecraft:cooked_rabbit":2,"minecraft:emerald":41,"minecraft:cooked_porkchop":14,"minecraft:smithing_table":1,"minecraft:copper_ingot":365,"minecraft:fletching_table":1,"minecraft:campfire":59,"immersive_aircraft:propeller":4,"minecraft:painting":2,"minecraft:lectern":1,"quark:oak_chest":27,"minecraft:iron_pickaxe":7,"minecraft:iron_block":3,"minecraft:gold_ingot":83,"minecraft:iron_nugget":27,"immersive_aircraft:biplane":1,"minecraft:bone_meal":150,"minecraft:white_carpet":36,"minecraft:cherry_trapdoor":2,"minecraft:stone_pickaxe":2,"farmersdelight:tomato":9,"minecraft:spruce_boat":5,"quark:spruce_chest":3,"smallships:spruce_brigg":1,"minecraft:lead":6,"minecraft:wheat":18,"minecraft:enchanting_table":1,"sophisticatedbackpacks:gold_backpack":1,"minecraft:oak_fence_gate":6,"minecraft:oak_stairs":20,"minecraft:wooden_axe":1,"minecraft:iron_shovel":5,"minecraft:iron_leggings":3,"minecraft:white_bed":9,"minecraft:oak_planks":1212,"minecraft:cobblestone_slab":18,"minecraft:barrel":2,"minecraft:cooked_chicken":3,"minecraft:cobblestone_stairs":12,"minecraft:stone":23,"smallships:sail":2,"minecraft:stone_brick_slab":68,"minecraft:iron_boots":2,"immersive_aircraft:hull":9,"minecraft:stone_bricks":35,"minecraft:oak_fence":141,"minecraft:golden_boots":2,"minecraft:oak_slab":24,"sophisticatedbackpacks:backpack":3,"quark:blossom_planks":20,"minecraft:crafting_table":10,"minecraft:spruce_planks":172,"minecraft:wooden_pickaxe":1,"minecraft:baked_potato":36,"minecraft:iron_helmet":9,"minecraft:spruce_chest_boat":3,"minecraft:iron_chestplate":2,"minecraft:paper":90,"minecraft:diamond_pickaxe":2,"minecraft:shield":1,"minecraft:stick":1644,"minecraft:iron_ingot":350,"minecraft:shears":1,"create:empty_blaze_burner":1,"minecraft:oak_door":6,"minecraft:coal":125,"minecraft:stone_brick_wall":12,"minecraft:spruce_button":1,"immersive_aircraft:sail":6,"minecraft:blast_furnace":2,"minecraft:furnace":16,"minecraft:stone_button":2,"minecraft:piston":2,"minecraft:glass_pane":48,"minecraft:oak_trapdoor":16,"minecraft:flint_and_steel":1,"farmersdelight:tomato_crate":1,"minecraft:iron_axe":5,"minecraft:iron_hoe":1,"minecraft:slime_ball":3,"create:basin":1,"sophisticatedbackpacks:iron_backpack":3,"minecraft:cooked_beef":25,"minecraft:crimson_planks":24,"create:andesite_alloy":8,"minecraft:diamond_sword":1,"immersive_aircraft:boiler":1,"quark:vertical_oak_planks":6,"minecraft:iron_sword":2,"minecraft:bowl":4,"minecraft:cooked_salmon":8,"minecraft:stripped_oak_wood":18,"minecraft:bucket":1,"minecraft:stone_axe":8,"minecraft:air":0,"minecraft:bread":47,"minecraft:oak_boat":2,"minecraft:white_wool":18,"immersive_aircraft:gyrodyne":3,"minecraft:anvil":1,"minecraft:torch":356,"minecraft:firework_rocket":9},"minecraft:custom":{"minecraft:interact_with_crafting_table":275,"minecraft:open_barrel":3,"minecraft:bell_ring":6,"minecraft:leave_game":7,"minecraft:time_since_death":115977,"minecraft:damage_blocked_by_shield":1370,"minecraft:play_time":1046305,"minecraft:deaths":4,"minecraft:jump":16336,"minecraft:enchant_item":10,"minecraft:interact_with_furnace":318,"minecraft:traded_with_villager":51,"minecraft:sleep_in_bed":15,"minecraft:damage_dealt":51287,"minecraft:horse_one_cm":8341,"minecraft:interact_with_anvil":1,"minecraft:damage_dealt_absorbed":178,"minecraft:sneak_time":69186,"minecraft:interact_with_blast_furnace":14,"minecraft:total_world_time":1046305,"minecraft:interact_with_stonecutter":39,"minecraft:time_since_rest":115845,"minecraft:swim_one_cm":244216,"minecraft:fly_one_cm":2866911,"minecraft:open_chest":342,"minecraft:fall_one_cm":340967,"minecraft:animals_bred":146,"minecraft:sprint_one_cm":2369844,"minecraft:drop":1050,"minecraft:talked_to_villager":229,"minecraft:walk_on_water_one_cm":144209,"minecraft:player_kills":1,"minecraft:crouch_one_cm":270277,"minecraft:mob_kills":351,"minecraft:damage_dealt_resisted":278,"minecraft:climb_one_cm":26863,"minecraft:walk_one_cm":3028190,"minecraft:walk_under_water_one_cm":79558,"minecraft:boat_one_cm":2653227,"minecraft:damage_taken":7052},"minecraft:used":{"minecraft:poppy":2,"minecraft:stone":38,"minecraft:rotten_flesh":2,"aquaculture:bluegill":1,"create:depot":1,"minecraft:spruce_boat":3,"minecraft:grass_block":3,"minecraft:stone_brick_stairs":190,"minecraft:furnace":23,"minecraft:oak_sapling":120,"minecraft:egg":2,"immersive_aircraft:biplane":2,"minecraft:potato":138,"minecraft:diorite":6,"minecraft:blackstone":4,"create:crimsite":8,"minecraft:wooden_pickaxe":59,"minecraft:blast_furnace":1,"minecraft:stone_button":2,"minecraft:lectern":86,"minecraft:polished_granite":2,"minecraft:nether_wart_block":4,"minecraft:diamond_sword":372,"create:basin":4,"smallships:spruce_brigg":1,"minecraft:smithing_table":1,"minecraft:oak_boat":3,"minecraft:oak_trapdoor":17,"minecraft:enchanting_table":1,"minecraft:cooked_salmon":4,"minecraft:netherrack":742,"aquaculture:blackfish":6,"minecraft:torch":567,"create:ochrum":1,"minecraft:anvil":1,"aquaculture:muskellunge":1,"minecraft:oak_fence_gate":7,"aquaculture:red_grouper":4,"minecraft:shroomlight":1,"minecraft:iron_axe":1239,"minecraft:spruce_button":1,"minecraft:barrel":3,"minecraft:smooth_basalt":5,"minecraft:basalt":4,"farmersdelight:cooking_pot":2,"farmersdelight:tomato_seeds":11,"minecraft:cobbled_deepslate":16,"minecraft:calcite":1,"minecraft:wheat_seeds":305,"minecraft:water_bucket":44,"farmersdelight:tomato_crate":2,"minecraft:cherry_planks":3,"minecraft:fletching_table":7,"create:framed_glass_trapdoor":2,"minecraft:cracked_stone_bricks":159,"minecraft:oak_slab":36,"minecraft:crafting_table":24,"minecraft:campfire":59,"minecraft:white_bed":17,"minecraft:oak_log":437,"minecraft:dark_prismarine":5,"minecraft:diamond_pickaxe":5949,"minecraft:iron_pickaxe":1574,"create:water_wheel":4,"minecraft:cobblestone":1030,"minecraft:cooked_porkchop":9,"minecraft:glass_pane":27,"quark:oak_chest":31,"minecraft:stripped_oak_log":27,"minecraft:iron_shovel":1267,"minecraft:shield":44,"minecraft:iron_sword":394,"create:cogwheel":5,"minecraft:carrot":142,"minecraft:tuff":2,"minecraft:obsidian":10,"aquaculture:rainbow_trout":3,"minecraft:glass":7,"farmersdelight:tomato":24,"minecraft:bricks":7,"minecraft:coal_ore":1,"minecraft:lantern":3,"minecraft:stone_bricks":131,"minecraft:stone_pickaxe":195,"minecraft:oak_planks":335,"minecraft:sugar_cane":24,"minecraft:white_wool":1,"minecraft:stone_brick_wall":11,"minecraft:bread":96,"minecraft:string":1,"create:andesite_casing":1,"minecraft:gravel":36,"minecraft:stripped_oak_wood":21,"minecraft:cooked_rabbit":2,"minecraft:andesite":27,"immersive_aircraft:gyrodyne":11,"minecraft:smooth_stone_slab":81,"minecraft:bone_meal":150,"minecraft:golden_pickaxe":114,"minecraft:cobweb":17,"minecraft:oak_fence":113,"minecraft:flint_and_steel":6,"minecraft:spruce_planks":79,"farmersdelight:rich_soil":3,"minecraft:cooked_chicken":4,"minecraft:oak_door":3,"minecraft:dirt":941,"create:mechanical_mixer":7,"minecraft:oak_wood":2,"minecraft:granite":1,"create:chute":8,"minecraft:iron_hoe":239,"minecraft:stone_brick_slab":154,"minecraft:wooden_axe":58,"minecraft:bookshelf":15,"minecraft:oak_stairs":21,"minecraft:cherry_trapdoor":3,"minecraft:crimson_planks":24,"minecraft:cooked_beef":16,"minecraft:iron_leggings":1,"minecraft:cooked_mutton":7,"minecraft:cobblestone_stairs":16,"farmersdelight:skillet":68,"create:empty_blaze_burner":2,"minecraft:baked_potato":70,"minecraft:stonecutter":3,"minecraft:cobblestone_slab":10,"minecraft:red_mushroom":4,"minecraft:painting":35,"minecraft:apple":2,"create:mechanical_press":1,"aquaculture:carp":3,"minecraft:stone_axe":530,"minecraft:cherry_stairs":5,"minecraft:bucket":47,"aquaculture:atlantic_cod":2,"create:hand_crank":10},"minecraft:broken":{"minecraft:iron_sword":1,"minecraft:wooden_pickaxe":1,"minecraft:iron_axe":5,"minecraft:iron_pickaxe":6,"minecraft:iron_shovel":5,"minecraft:stone_pickaxe":1,"minecraft:stone_axe":4,"minecraft:wooden_axe":1},"minecraft:picked_up":{"minecraft:creeper_head":1,"quark:hollow_spruce_log":2,"minecraft:lead":2,"minecraft:smithing_table":1,"aquaculture:blackfish":10,"minecraft:oak_stairs":99,"minecraft:golden_sword":6,"create:limestone":2,"minecraft:string":114,"minecraft:soul_soil":11,"minecraft:shroomlight":10,"minecraft:beetroot":1,"create:water_wheel":5,"minecraft:gold_nugget":274,"minecraft:cobbled_deepslate":161,"minecraft:spruce_planks":26,"minecraft:composter":1,"create:andesite_casing":2,"minecraft:cherry_log":8,"minecraft:golden_chestplate":4,"quark:clear_shard":4,"create:scoria":7,"create:ochrum":1,"minecraft:white_terracotta":47,"minecraft:feather":4,"minecraft:flint":14,"farmersdelight:tomato":39,"minecraft:lantern":5,"minecraft:stonecutter":4,"create:shaft":4,"minecraft:rabbit":2,"minecraft:glowstone_dust":27,"aquaculture:jellyfish":6,"create:empty_blaze_burner":3,"sophisticatedbackpacks:iron_backpack":1,"minecraft:ink_sac":3,"quark:glow_lichen_growth":4,"minecraft:barrel":1,"quark:jasper":1,"create:crimsite":13,"minecraft:granite":19,"minecraft:bread":59,"minecraft:bricks":7,"minecraft:crimson_roots":14,"minecraft:diamond_pickaxe":3,"minecraft:crafting_table":16,"minecraft:leather_leggings":1,"gravestone:obituary":11,"minecraft:cornflower":2,"minecraft:cracked_stone_bricks":35,"minecraft:beef":130,"minecraft:iron_nugget":22,"minecraft:poppy":8,"minecraft:egg":2,"minecraft:sandstone":23,"minecraft:stone":774,"minecraft:oak_door":1,"sophisticatedbackpacks:backpack":2,"minecraft:carrot":438,"minecraft:redstone":83,"minecraft:beetroot_seeds":3,"minecraft:hay_block":2,"create:depot":1,"aquaculture:carp":3,"minecraft:mutton":9,"minecraft:white_wool":54,"minecraft:bone_block":75,"minecraft:rail":1,"minecraft:oxeye_daisy":4,"minecraft:stripped_oak_log":72,"quark:crab_leg":3,"create:iron_sheet":17,"minecraft:red_mushroom":14,"create:framed_glass_trapdoor":2,"minecraft:oak_log":1007,"minecraft:ancient_debris":2,"farmersdelight:skillet":2,"aquaculture:rainbow_trout":4,"farmersdelight:cooking_pot":2,"minecraft:apple":19,"minecraft:stone_bricks":11,"minecraft:kelp":4,"quark:glow_shroom":6,"minecraft:oak_fence_gate":2,"minecraft:iron_ore":5,"minecraft:cobweb":17,"minecraft:smooth_basalt":14,"minecraft:gravel":78,"aquaculture:red_grouper":4,"minecraft:spruce_log":43,"minecraft:oak_wood":36,"minecraft:coal_ore":126,"minecraft:stone_axe":4,"minecraft:painting":35,"minecraft:warped_roots":1,"minecraft:baked_potato":82,"minecraft:ender_pearl":1,"minecraft:wheat":446,"minecraft:gilded_blackstone":8,"minecraft:stone_brick_stairs":23,"aquaculture:muskellunge":1,"minecraft:raw_copper":329,"minecraft:smooth_stone_slab":12,"create:mechanical_press":1,"minecraft:cobblestone_slab":3,"minecraft:calcite":51,"minecraft:iron_pickaxe":1,"minecraft:furnace":10,"minecraft:stick":102,"create:mechanical_mixer":7,"farmersdelight:rotten_tomato":1,"minecraft:oak_fence":16,"minecraft:torch":209,"minecraft:porkchop":35,"aquaculture:atlantic_halibut":1,"minecraft:diorite":13,"farmersdelight:tomato_crate":2,"minecraft:rotten_flesh":49,"minecraft:obsidian":19,"minecraft:cod":3,"minecraft:cobblestone":1594,"minecraft:cherry_planks":19,"minecraft:andesite":519,"minecraft:potato":506,"minecraft:tuff":14,"create:raw_zinc":5,"minecraft:dirt":1274,"minecraft:lapis_lazuli":510,"minecraft:polished_granite":2,"minecraft:glass":22,"minecraft:bone":35,"minecraft:bow":3,"minecraft:wheat_seeds":1075,"minecraft:raw_gold":52,"minecraft:fletching_table":7,"minecraft:oak_planks":163,"aquaculture:atlantic_herring":1,"create:cogwheel":4,"minecraft:poisonous_potato":4,"minecraft:sand":155,"minecraft:grass_block":3,"minecraft:spectral_arrow":10,"minecraft:mossy_cobblestone":4,"minecraft:dark_prismarine":6,"minecraft:diamond":17,"minecraft:spruce_boat":1,"minecraft:cracked_polished_blackstone_bricks":62,"minecraft:crossbow":2,"minecraft:bone_meal":2,"minecraft:emerald":1,"minecraft:oak_sapling":123,"minecraft:netherrack":1315,"minecraft:charcoal":16,"minecraft:azure_bluet":4,"minecraft:chicken":1,"minecraft:stone_brick_wall":3,"minecraft:gold_block":2,"minecraft:oak_trapdoor":7,"minecraft:moss_carpet":1,"immersive_aircraft:biplane":1,"create:chute":8,"aquaculture:pink_salmon":1,"minecraft:blackstone":55,"aquaculture:bluegill":1,"minecraft:oak_boat":1,"create:zinc_ore":6,"create:basin":3,"minecraft:cherry_trapdoor":1,"minecraft:lectern":85,"minecraft:sugar_cane":227,"farmersdelight:golden_knife":1,"minecraft:raw_iron":367,"minecraft:cherry_stairs":4,"minecraft:copper_ingot":3,"aquaculture:perch":1,"minecraft:polished_blackstone_bricks":64,"create:hand_crank":11,"create:zinc_ingot":1,"minecraft:weeping_vines":2,"minecraft:arrow":21,"farmersdelight:rich_soil":3,"minecraft:basalt":27,"minecraft:glow_ink_sac":3,"minecraft:crimson_stem":6,"minecraft:salmon":9,"minecraft:leather":80,"create:andesite_alloy":3,"minecraft:cobblestone_stairs":9,"minecraft:nether_wart_block":19,"minecraft:gunpowder":4,"immersive_aircraft:gyrodyne":8,"minecraft:rabbit_hide":2,"minecraft:iron_ingot":76,"minecraft:stripped_oak_wood":5,"aquaculture:minnow":4,"minecraft:soul_sand":2,"minecraft:book":60,"minecraft:oak_slab":34,"minecraft:stone_brick_slab":72,"minecraft:dandelion":11,"minecraft:quartz":650,"minecraft:blast_furnace":2,"minecraft:white_bed":18,"quark:oak_chest":11,"minecraft:spider_eye":5,"aquaculture:atlantic_cod":2,"minecraft:iron_helmet":6,"minecraft:coal":1040}},"DataVersion":3465}