{"stats":{"minecraft:custom":{"minecraft:time_since_rest":47328,"minecraft:interact_with_furnace":3,"minecraft:sprint_one_cm":24358,"minecraft:damage_taken":10,"minecraft:walk_one_cm":79305,"minecraft:mob_kills":8,"minecraft:drop":3,"minecraft:damage_dealt":926,"minecraft:swim_one_cm":523,"minecraft:fly_one_cm":116807,"minecraft:open_chest":1,"minecraft:crouch_one_cm":2209,"minecraft:play_time":47328,"minecraft:sneak_time":1165,"minecraft:walk_under_water_one_cm":430,"minecraft:boat_one_cm":900,"minecraft:jump":276,"minecraft:leave_game":1,"minecraft:time_since_death":47328,"minecraft:walk_on_water_one_cm":5578,"minecraft:total_world_time":47328,"minecraft:fall_one_cm":836,"minecraft:horse_one_cm":2023},"minecraft:dropped":{"quark:pickarang":1,"minecraft:stone":1,"create:creative_blaze_cake":1},"minecraft:killed":{"minecraft:horse":1,"minecraft:donkey":1,"aquaculture:bluegill":2},"minecraft:mined":{"minecraft:grass":1,"minecraft:grass_block":1,"minecraft:sand":3},"minecraft:picked_up":{"create:creative_blaze_cake":1,"minecraft:stone":1,"minecraft:dandelion":4,"minecraft:sand":3,"create:hand_crank":1,"minecraft:dirt":1,"create:large_cogwheel":1,"minecraft:wheat_seeds":3,"aquaculture:bluegill":11},"minecraft:used":{"minecraft:oak_log":5,"create:andesite_encased_cogwheel":1,"create:crushing_wheel":1,"minecraft:grass_block":39,"quark:pickarang":11,"minecraft:diamond_hoe":2,"aquaculture:bluegill_bucket":13,"create:water_wheel":2,"quark:ancient_boat":1,"minecraft:donkey_spawn_egg":1,"minecraft:stone":7,"minecraft:jungle_hanging_sign":3,"create:creative_motor":2,"minecraft:grass":6,"create:large_water_wheel":5,"minecraft:horse_spawn_egg":1,"minecraft:oak_leaves":4,"aquaculture:neptunium_sword":6,"minecraft:sand":3,"minecraft:dirt":4,"astikorcarts:plow":2,"create:flywheel":1,"cfm:stripped_acacia_kitchen_sink_light":1,"minecraft:furnace":1,"create:cogwheel":8,"create:creative_fluid_tank":3,"create:hand_crank":2,"create:creative_crate":1,"minecraft:dandelion":3,"create:large_cogwheel":30}},"DataVersion":3465}