{"stats":{"minecraft:killed_by":{"minecraft:zombie":2},"minecraft:killed":{"minecraft:sheep":3,"minecraft:chicken":2},"minecraft:dropped":{"minecraft:dirt":9,"minecraft:birch_log":3},"minecraft:mined":{"minecraft:seagrass":1,"minecraft:tall_seagrass":2,"minecraft:birch_log":1,"minecraft:spruce_log":10,"minecraft:cornflower":9,"minecraft:grass":18,"minecraft:grass_block":3,"minecraft:oak_log":2,"minecraft:poppy":3,"minecraft:sand":3,"minecraft:dirt":3,"minecraft:spruce_leaves":7,"minecraft:oak_leaves":7,"minecraft:tripwire":2},"minecraft:used":{"minecraft:chicken":2,"minecraft:string":2,"minecraft:poppy":3,"minecraft:dirt":21,"minecraft:mutton":4,"minecraft:egg":2},"minecraft:custom":{"minecraft:time_since_rest":13345,"minecraft:sprint_one_cm":79671,"minecraft:damage_taken":1020,"minecraft:walk_one_cm":127139,"minecraft:mob_kills":5,"minecraft:drop":12,"minecraft:damage_dealt":386,"minecraft:fly_one_cm":53086,"minecraft:crouch_one_cm":38,"minecraft:play_time":28026,"minecraft:deaths":3,"minecraft:sneak_time":33,"minecraft:walk_under_water_one_cm":124,"minecraft:jump":505,"minecraft:time_since_death":13319,"minecraft:leave_game":3,"minecraft:walk_on_water_one_cm":718,"minecraft:total_world_time":28026,"minecraft:fall_one_cm":15194},"minecraft:picked_up":{"minecraft:birch_log":4,"minecraft:feather":3,"minecraft:chicken":2,"minecraft:sand":3,"minecraft:oak_log":2,"minecraft:spruce_log":10,"minecraft:cornflower":9,"minecraft:string":4,"minecraft:dirt":32,"minecraft:wheat_seeds":2,"minecraft:poppy":3,"minecraft:light_gray_wool":1,"minecraft:mutton":5,"minecraft:white_wool":2,"minecraft:egg":2}},"DataVersion":3465}