{"stats":{"minecraft:crafted":{"minecraft:oak_planks":360,"minecraft:cooked_porkchop":4,"minecraft:crafting_table":1,"minecraft:wooden_pickaxe":1,"minecraft:cooked_chicken":1,"minecraft:furnace":1,"minecraft:copper_ingot":5,"minecraft:stone_axe":1,"farmersdelight:fried_egg":1,"minecraft:stick":16,"quark:oak_chest":2,"minecraft:stone_pickaxe":1,"minecraft:wooden_axe":1,"minecraft:torch":22},"minecraft:picked_up":{"minecraft:feather":1,"minecraft:azure_bluet":2,"minecraft:chicken":1,"minecraft:oak_log":98,"cfm:stripped_birch_chair":1,"minecraft:cornflower":3,"minecraft:dirt":32,"quark:paper_wall_big":1,"minecraft:moss_carpet":4,"minecraft:raw_copper":5,"minecraft:apple":1,"minecraft:wheat_seeds":13,"aquaculture:bluegill":2,"minecraft:poppy":1,"quark:pickarang":1,"aquaculture:minnow":3,"minecraft:lectern":1,"minecraft:diamond_hoe":2,"minecraft:egg":3,"minecraft:stick":7,"farmersdelight:stuffed_pumpkin_block":1,"minecraft:torch":3,"minecraft:dandelion":6,"minecraft:spruce_fence":1,"minecraft:porkchop":7,"minecraft:sand":1,"create:hand_crank":2,"create:large_cogwheel":1,"minecraft:rotten_flesh":1,"quark:hollow_birch_log":3,"minecraft:oak_sapling":4,"minecraft:coal":49,"farmersdelight:stove":1,"minecraft:iron_bars":2,"minecraft:cobblestone":47,"minecraft:oxeye_daisy":2},"minecraft:broken":{"minecraft:wooden_axe":1},"minecraft:killed":{"minecraft:pig":2,"minecraft:zombie":3,"minecraft:chicken":1},"minecraft:used":{"minecraft:water_bucket":4,"cfm:stripped_birch_chair":3,"minecraft:iron_bars":13,"create:netherite_diving_helmet":1,"minecraft:mangrove_chest_boat":1,"minecraft:stone_pickaxe":61,"minecraft:diamond_hoe":12,"farmersdelight:stove":1,"minecraft:wooden_pickaxe":36,"minecraft:cooked_chicken":8,"quark:paper_wall_big":8,"minecraft:torch":12,"minecraft:dirt":16,"minecraft:crafting_table":1,"aquaculture:gold_fishing_rod":4,"minecraft:spruce_fence":15,"minecraft:azure_bluet":1,"create:framed_glass_pane":7,"farmersdelight:stuffed_pumpkin_block":1,"minecraft:oak_log":1,"create:smart_chute":6,"minecraft:glass":20,"minecraft:wooden_axe":41,"minecraft:oxeye_daisy":2,"create:mechanical_press":20,"quark:pickarang":1,"minecraft:lectern":1,"create:water_wheel":23,"create:large_water_wheel":2,"create:creative_motor":1,"minecraft:stone_axe":60,"minecraft:cobblestone":1,"minecraft:cooked_porkchop":2,"minecraft:furnace":1,"minecraft:porkchop":2,"immersive_aircraft:gyrodyne":4,"quark:oak_chest":2,"create:hand_crank":13,"minecraft:egg":2,"create:large_cogwheel":1},"minecraft:custom":{"minecraft:interact_with_furnace":11,"minecraft:mob_kills":6,"minecraft:interact_with_crafting_table":12,"minecraft:leave_game":18,"minecraft:time_since_death":107192,"minecraft:time_since_rest":107223,"minecraft:sprint_one_cm":126842,"minecraft:damage_taken":2415,"minecraft:walk_one_cm":450973,"minecraft:drop":8,"minecraft:damage_dealt":1087,"minecraft:fly_one_cm":476868,"minecraft:open_chest":9,"minecraft:crouch_one_cm":553,"minecraft:play_time":167398,"minecraft:deaths":7,"minecraft:sneak_time":2753,"minecraft:walk_under_water_one_cm":2581,"minecraft:boat_one_cm":1222,"minecraft:jump":1084,"minecraft:walk_on_water_one_cm":2687,"minecraft:total_world_time":167398,"minecraft:fish_caught":1,"minecraft:fall_one_cm":21559},"minecraft:killed_by":{"minecraft:zombie":3,"minecraft:pillager":2},"minecraft:mined":{"minecraft:dandelion":5,"minecraft:torch":1,"minecraft:cornflower":3,"minecraft:grass_block":3,"minecraft:poppy":1,"minecraft:copper_ore":1,"minecraft:tall_grass":1,"minecraft:oxeye_daisy":2,"quark:hollow_birch_log":3,"minecraft:moss_carpet":4,"minecraft:azure_bluet":2,"minecraft:grass":63,"minecraft:coal_ore":49,"minecraft:oak_log":98,"minecraft:dirt":5,"cfm:stripped_birch_chair":1,"minecraft:stone":47,"minecraft:oak_leaves":8},"minecraft:dropped":{"minecraft:wheat_seeds":1,"minecraft:diamond_hoe":2,"aquaculture:minnow":1,"minecraft:torch":1,"create:hand_crank":1,"minecraft:iron_bars":1,"minecraft:dandelion":1}},"DataVersion":3465}