{"stats":{"minecraft:picked_up":{"minecraft:azure_bluet":1,"minecraft:dandelion":5,"minecraft:porkchop":3,"minecraft:sand":1,"minecraft:oak_log":1,"minecraft:cornflower":3,"minecraft:dirt":31,"minecraft:wheat_seeds":11,"minecraft:poppy":1,"aquaculture:minnow":2,"minecraft:iron_bars":1,"minecraft:oxeye_daisy":2,"minecraft:egg":1},"minecraft:killed_by":{"minecraft:zombie":3,"minecraft:pillager":2},"minecraft:dropped":{"aquaculture:minnow":1,"minecraft:iron_bars":1,"minecraft:dandelion":1},"minecraft:mined":{"minecraft:dandelion":4,"minecraft:cornflower":3,"minecraft:azure_bluet":1,"minecraft:grass":61,"minecraft:grass_block":3,"minecraft:oak_log":1,"minecraft:poppy":1,"minecraft:dirt":5,"minecraft:tall_grass":1,"minecraft:oxeye_daisy":2},"minecraft:used":{"minecraft:oak_log":1,"minecraft:iron_bars":13,"minecraft:oxeye_daisy":2,"minecraft:lectern":1,"farmersdelight:stove":1,"minecraft:torch":1,"quark:paper_wall_big":8,"minecraft:dirt":16,"minecraft:porkchop":2,"aquaculture:gold_fishing_rod":4,"minecraft:egg":1,"minecraft:spruce_fence":15,"farmersdelight:stuffed_pumpkin_block":1},"minecraft:custom":{"minecraft:time_since_rest":29674,"minecraft:sprint_one_cm":82605,"minecraft:damage_taken":1370,"minecraft:walk_one_cm":167685,"minecraft:drop":3,"minecraft:damage_dealt":237,"minecraft:fly_one_cm":175544,"minecraft:open_chest":2,"minecraft:crouch_one_cm":460,"minecraft:play_time":51741,"minecraft:deaths":5,"minecraft:sneak_time":593,"minecraft:walk_under_water_one_cm":1616,"minecraft:jump":500,"minecraft:leave_game":8,"minecraft:walk_on_water_one_cm":505,"minecraft:time_since_death":28664,"minecraft:total_world_time":51741,"minecraft:fish_caught":1,"minecraft:fall_one_cm":9993}},"DataVersion":3465}