{"stats":{"minecraft:killed_by":{"minecraft:zombie":2},"minecraft:killed":{"minecraft:sheep":3},"minecraft:picked_up":{"minecraft:birch_log":4,"minecraft:wheat_seeds":1,"minecraft:light_gray_wool":1,"minecraft:string":4,"minecraft:cornflower":9,"minecraft:mutton":5,"minecraft:dirt":32,"minecraft:white_wool":2,"minecraft:egg":1},"minecraft:custom":{"minecraft:time_since_rest":4963,"minecraft:crouch_one_cm":38,"minecraft:sprint_one_cm":47802,"minecraft:play_time":19644,"minecraft:deaths":3,"minecraft:damage_taken":960,"minecraft:walk_one_cm":77564,"minecraft:sneak_time":33,"minecraft:mob_kills":3,"minecraft:drop":12,"minecraft:jump":352,"minecraft:damage_dealt":305,"minecraft:leave_game":2,"minecraft:time_since_death":4937,"minecraft:total_world_time":19644,"minecraft:fall_one_cm":12960,"minecraft:fly_one_cm":39183},"minecraft:used":{"minecraft:dirt":21,"minecraft:mutton":4,"minecraft:string":2,"minecraft:egg":1},"minecraft:mined":{"minecraft:grass":4,"minecraft:grass_block":3,"minecraft:dirt":3,"minecraft:birch_log":1,"minecraft:tripwire":2,"minecraft:oak_leaves":7,"minecraft:cornflower":9},"minecraft:dropped":{"minecraft:dirt":9,"minecraft:birch_log":3}},"DataVersion":3465}