{"stats":{"minecraft:custom":{"minecraft:time_since_rest":52897,"minecraft:sprint_one_cm":92209,"minecraft:damage_taken":2120,"minecraft:walk_one_cm":305539,"minecraft:drop":8,"minecraft:damage_dealt":247,"minecraft:fly_one_cm":398624,"minecraft:open_chest":3,"minecraft:crouch_one_cm":460,"minecraft:play_time":113072,"minecraft:deaths":7,"minecraft:sneak_time":1353,"minecraft:walk_under_water_one_cm":2581,"minecraft:jump":785,"minecraft:leave_game":16,"minecraft:time_since_death":52866,"minecraft:walk_on_water_one_cm":2687,"minecraft:total_world_time":113072,"minecraft:fish_caught":1,"minecraft:fall_one_cm":16665},"minecraft:dropped":{"minecraft:wheat_seeds":1,"minecraft:torch":1,"minecraft:diamond_hoe":2,"create:hand_crank":1,"aquaculture:minnow":1,"minecraft:iron_bars":1,"minecraft:dandelion":1},"minecraft:killed_by":{"minecraft:zombie":3,"minecraft:pillager":2},"minecraft:mined":{"minecraft:dandelion":5,"minecraft:cornflower":3,"minecraft:azure_bluet":2,"minecraft:grass":62,"minecraft:grass_block":3,"minecraft:oak_log":1,"minecraft:poppy":1,"minecraft:dirt":5,"minecraft:tall_grass":1,"cfm:stripped_birch_chair":1,"minecraft:oxeye_daisy":2},"minecraft:picked_up":{"minecraft:azure_bluet":2,"farmersdelight:stuffed_pumpkin_block":1,"minecraft:torch":2,"minecraft:dandelion":6,"minecraft:spruce_fence":1,"minecraft:porkchop":3,"minecraft:sand":1,"minecraft:oak_log":1,"create:hand_crank":2,"cfm:stripped_birch_chair":1,"minecraft:cornflower":3,"minecraft:dirt":32,"quark:paper_wall_big":1,"create:large_cogwheel":1,"minecraft:wheat_seeds":13,"aquaculture:bluegill":2,"quark:pickarang":1,"minecraft:poppy":1,"aquaculture:minnow":3,"minecraft:lectern":1,"farmersdelight:stove":1,"minecraft:iron_bars":2,"minecraft:diamond_hoe":2,"minecraft:egg":2,"minecraft:oxeye_daisy":2},"minecraft:used":{"create:smart_chute":6,"minecraft:oak_log":1,"minecraft:glass":18,"minecraft:water_bucket":4,"cfm:stripped_birch_chair":3,"minecraft:iron_bars":13,"minecraft:oxeye_daisy":2,"create:netherite_diving_helmet":1,"create:mechanical_press":20,"quark:pickarang":1,"minecraft:diamond_hoe":12,"create:water_wheel":23,"minecraft:lectern":1,"farmersdelight:stove":1,"create:large_water_wheel":2,"create:creative_motor":1,"minecraft:torch":1,"quark:paper_wall_big":8,"minecraft:dirt":16,"minecraft:porkchop":2,"create:hand_crank":13,"aquaculture:gold_fishing_rod":4,"minecraft:egg":2,"create:framed_glass_pane":7,"create:large_cogwheel":1,"minecraft:spruce_fence":15,"minecraft:azure_bluet":1,"farmersdelight:stuffed_pumpkin_block":1}},"DataVersion":3465}