{"stats":{"minecraft:picked_up":{"minecraft:iron_chestplate":3,"minecraft:wheat":500,"minecraft:lead":15,"minecraft:diamond_sword":1,"quark:hollow_oak_log":3,"minecraft:golden_sword":1,"minecraft:string":10,"aquaculture:muskellunge":1,"minecraft:soul_soil":24,"minecraft:raw_copper":73,"create:limestone":16,"minecraft:iron_leggings":2,"minecraft:pufferfish":1,"create:sand_paper":5,"create:water_wheel":28,"minecraft:smooth_stone":1,"create:mechanical_press":1,"minecraft:gold_nugget":64,"minecraft:cobbled_deepslate":131,"minecraft:spruce_planks":21,"minecraft:calcite":22,"minecraft:iron_pickaxe":2,"minecraft:iron_boots":3,"minecraft:furnace":3,"minecraft:stick":91,"create:mechanical_mixer":7,"farmersdelight:rotten_tomato":1,"minecraft:composter":2,"minecraft:oak_fence":17,"minecraft:torch":58,"create:andesite_casing":27,"minecraft:porkchop":22,"quark:blossom_log":48,"astikorcarts:animal_cart":8,"minecraft:cherry_log":75,"minecraft:diorite":83,"create:framed_glass":30,"minecraft:golden_chestplate":1,"create:large_cogwheel":9,"minecraft:stone_sword":1,"quark:clear_shard":107,"minecraft:rotten_flesh":84,"create:scoria":22,"minecraft:obsidian":1,"minecraft:cod":8,"minecraft:snowball":13,"minecraft:cobblestone":421,"minecraft:pink_petals":14,"minecraft:magma_block":2,"aquaculture:fish_bones":2,"minecraft:feather":8,"minecraft:cooked_beef":9,"minecraft:cherry_planks":27,"minecraft:water_bucket":1,"minecraft:andesite":479,"minecraft:potato":108,"minecraft:flint":1,"minecraft:tuff":33,"create:raw_zinc":25,"farmersdelight:tomato":44,"minecraft:lapis_lazuli":117,"minecraft:dirt":2937,"minecraft:name_tag":1,"minecraft:glass":64,"minecraft:bone":12,"minecraft:bow":1,"minecraft:stonecutter":1,"minecraft:wheat_seeds":685,"minecraft:raw_gold":3,"create:shaft":21,"minecraft:glowstone_dust":7,"minecraft:oak_planks":117,"aquaculture:atlantic_herring":3,"astikorcarts:supply_cart":2,"aquaculture:gar":1,"minecraft:cooked_porkchop":1,"create:cogwheel":16,"create:empty_blaze_burner":5,"minecraft:sand":239,"minecraft:ink_sac":2,"minecraft:stripped_spruce_log":1,"sophisticatedbackpacks:iron_backpack":2,"minecraft:dark_prismarine":2,"minecraft:spruce_boat":1,"minecraft:crossbow":1,"minecraft:cracked_polished_blackstone_bricks":44,"minecraft:bone_meal":2,"minecraft:golden_apple":1,"minecraft:bread":39,"astikorcarts:plow":6,"minecraft:oak_sapling":62,"minecraft:netherrack":2406,"minecraft:bricks":2,"minecraft:diamond_pickaxe":2,"minecraft:fishing_rod":1,"minecraft:crafting_table":6,"minecraft:azure_bluet":3,"minecraft:chicken":6,"minecraft:ladder":3,"minecraft:brown_mushroom":1,"gravestone:obituary":6,"minecraft:heavy_weighted_pressure_plate":1,"minecraft:cornflower":1,"minecraft:moss_carpet":6,"immersive_aircraft:biplane":5,"minecraft:iron_shovel":13,"create:chute":12,"aquaculture:pink_salmon":1,"minecraft:blackstone":28,"minecraft:glass_pane":9,"quark:spruce_chest":1,"aquaculture:bluegill":2,"minecraft:beef":39,"create:basin":6,"minecraft:iron_nugget":5,"minecraft:poppy":1,"minecraft:sugar_cane":53,"minecraft:egg":21,"create:polished_rose_quartz":1,"minecraft:raw_iron":11,"minecraft:sandstone":9,"minecraft:cherry_stairs":1,"create:golden_sheet":4,"minecraft:copper_ingot":66,"sophisticatedbackpacks:backpack":2,"aquaculture:perch":3,"minecraft:polished_blackstone_bricks":49,"create:hand_crank":11,"minecraft:carrot":68,"minecraft:redstone":86,"create:zinc_ingot":2,"create:vertical_gearbox":1,"create:deployer":3,"minecraft:arrow":20,"minecraft:weeping_vines":4,"minecraft:beetroot_seeds":1,"aquaculture:brown_trout":1,"minecraft:hay_block":11,"create:depot":5,"aquaculture:carp":2,"minecraft:gold_ingot":1,"minecraft:mutton":26,"minecraft:white_wool":14,"minecraft:stripped_oak_log":56,"create:iron_sheet":13,"minecraft:basalt":86,"minecraft:dark_oak_button":1,"minecraft:glow_ink_sac":3,"minecraft:tripwire_hook":1,"minecraft:crimson_stem":18,"minecraft:salmon":4,"minecraft:leather":20,"create:oak_window":4,"minecraft:crimson_fungus":2,"minecraft:oak_log":355,"create:andesite_alloy":2,"minecraft:golden_boots":1,"minecraft:cobblestone_wall":1,"minecraft:nether_wart_block":10,"minecraft:gunpowder":9,"farmersdelight:skillet":1,"immersive_aircraft:gyrodyne":9,"minecraft:wooden_hoe":1,"minecraft:white_banner":1,"minecraft:apple":3,"minecraft:kelp":312,"minecraft:stone_pickaxe":1,"minecraft:iron_ingot":99,"minecraft:oak_fence_gate":4,"quark:glow_shroom":16,"aquaculture:pollock":1,"immersive_aircraft:airship":2,"minecraft:iron_sword":1,"minecraft:soul_sand":14,"aquaculture:smallmouth_bass":1,"create:mechanical_bearing":5,"minecraft:smooth_basalt":15,"minecraft:pumpkin":7,"minecraft:sweet_berries":31,"minecraft:quartz":108,"minecraft:dandelion":15,"minecraft:gravel":26,"aquaculture:red_grouper":2,"minecraft:spruce_sapling":8,"astikorcarts:wheel":6,"minecraft:blast_furnace":1,"minecraft:white_bed":7,"minecraft:spruce_log":30,"quark:oak_chest":6,"minecraft:spider_eye":4,"create:gearbox":5,"minecraft:oak_wood":12,"create:encased_fan":8,"minecraft:iron_helmet":9,"minecraft:painting":2,"minecraft:gray_wool":1,"create:portable_storage_interface":5,"minecraft:baked_potato":47,"minecraft:black_wool":1,"minecraft:coal":197},"minecraft:dropped":{"sophisticatedbackpacks:iron_backpack":1,"minecraft:iron_sword":1,"quark:glow_shroom":10,"minecraft:oak_log":65,"minecraft:baked_potato":37,"minecraft:cooked_porkchop":1,"minecraft:crossbow":1,"minecraft:weeping_vines":2,"create:cogwheel":1,"minecraft:dark_oak_button":1,"astikorcarts:wheel":6,"minecraft:cod":1,"minecraft:flint":6,"minecraft:dirt":456,"immersive_aircraft:gyrodyne":3,"create:oak_window":4,"immersive_aircraft:airship":1,"gravestone:obituary":18,"minecraft:gold_nugget":18,"minecraft:bone_meal":1,"create:iron_sheet":16,"minecraft:polished_blackstone_bricks":1,"create:large_cogwheel":1,"minecraft:iron_pickaxe":1,"minecraft:gold_ingot":1,"minecraft:crimson_fungus":1,"minecraft:sugar_cane":50,"minecraft:cobbled_deepslate":4,"minecraft:iron_nugget":2,"minecraft:golden_chestplate":1,"minecraft:wheat":28,"minecraft:rotten_flesh":49,"minecraft:oak_planks":321,"minecraft:cooked_mutton":6,"minecraft:azure_bluet":3,"minecraft:white_bed":1,"minecraft:carrot":38,"minecraft:poppy":1,"minecraft:oak_fence_gate":2,"minecraft:gunpowder":2,"create:framed_glass_trapdoor":2,"minecraft:heavy_weighted_pressure_plate":1,"minecraft:ladder":3,"minecraft:painting":2,"minecraft:basalt":9,"minecraft:arrow":8,"minecraft:glass":1,"minecraft:beef":16,"minecraft:netherrack":695,"create:andesite_alloy":2,"minecraft:egg":4,"create:mechanical_mixer":2,"create:basin":1,"minecraft:water_bucket":1,"minecraft:iron_ingot":18,"minecraft:bread":19,"create:rose_quartz":1,"aquaculture:fish_bones":1,"minecraft:wheat_seeds":142,"farmersdelight:skillet":1,"minecraft:oak_fence":2,"minecraft:cobblestone":14,"minecraft:feather":2,"create:chute":5,"minecraft:copper_ingot":70,"minecraft:coal":1,"minecraft:stick":60,"minecraft:gray_wool":1,"quark:clear_shard":31,"minecraft:diorite":5,"minecraft:ink_sac":2,"minecraft:wooden_hoe":1,"minecraft:torch":3,"minecraft:cherry_planks":44,"minecraft:iron_leggings":1,"minecraft:stonecutter":1,"minecraft:iron_shovel":2,"minecraft:pink_petals":14,"minecraft:string":5,"create:sand_paper":3,"minecraft:spruce_sapling":4,"minecraft:dandelion":10,"minecraft:smooth_basalt":10,"farmersdelight:rotten_tomato":1,"minecraft:stone_sword":1,"minecraft:cobblestone_wall":1,"minecraft:iron_boots":1,"minecraft:stripped_oak_log":16,"sophisticatedbackpacks:backpack":2,"minecraft:glass_pane":9,"astikorcarts:animal_cart":1,"minecraft:blast_furnace":1,"minecraft:potato":40,"minecraft:oak_button":12,"minecraft:spruce_planks":5,"create:zinc_ingot":69,"minecraft:iron_chestplate":1,"minecraft:andesite":156,"minecraft:oak_sapling":13,"minecraft:spider_eye":1,"minecraft:sandstone":9,"minecraft:stone_pickaxe":1},"minecraft:used":{"create:deployer":5,"minecraft:iron_shovel":3079,"immersive_aircraft:airship":1,"create:portable_storage_interface":7,"aquaculture:brown_trout":1,"minecraft:stone":2,"minecraft:iron_sword":467,"create:tiled_glass":32,"create:oak_window":4,"create:mechanical_bearing":6,"aquaculture:bluegill":1,"minecraft:iron_chestplate":2,"minecraft:mutton":1,"quark:cherry_chest":2,"astikorcarts:supply_cart":3,"create:cogwheel":29,"minecraft:carrot":21,"create:depot":6,"minecraft:snowball":5,"minecraft:stripped_spruce_log":1,"minecraft:glass":157,"minecraft:spruce_boat":1,"minecraft:lava_bucket":10,"farmersdelight:tomato":11,"minecraft:iron_helmet":5,"create:shaft":28,"minecraft:magma_block":1,"minecraft:bow":1,"minecraft:hay_block":11,"minecraft:oak_sapling":45,"minecraft:sweet_berries":46,"minecraft:furnace":5,"minecraft:cooked_cod":1,"minecraft:beetroot_seeds":1,"minecraft:egg":8,"immersive_aircraft:biplane":5,"minecraft:potato":91,"minecraft:diorite":1,"minecraft:oak_planks":141,"aquaculture:atlantic_herring":3,"minecraft:stone_pickaxe":249,"minecraft:wooden_pickaxe":62,"minecraft:composter":2,"minecraft:sand":34,"minecraft:golden_hoe":32,"astikorcarts:plow":10,"minecraft:blast_furnace":1,"cfm:oak_kitchen_counter":1,"minecraft:heavy_weighted_pressure_plate":2,"minecraft:bread":54,"create:andesite_casing":1,"minecraft:gravel":2,"aquaculture:gar":1,"minecraft:diamond_sword":16,"minecraft:nether_wart_block":9,"create:basin":5,"aquaculture:smallmouth_bass":1,"minecraft:andesite":4,"minecraft:oak_fence":75,"immersive_aircraft:gyrodyne":6,"create:large_cogwheel":15,"create:vertical_gearbox":5,"minecraft:golden_pickaxe":32,"minecraft:bone_meal":52,"aquaculture:pink_salmon":1,"create:framed_glass":8,"minecraft:stone_sword":151,"minecraft:dried_kelp":5,"minecraft:spruce_planks":9,"astikorcarts:animal_cart":8,"minecraft:cooked_salmon":4,"minecraft:cooked_chicken":1,"minecraft:netherrack":664,"minecraft:torch":102,"minecraft:dirt":1778,"create:mechanical_mixer":6,"minecraft:cobblestone_wall":1,"minecraft:oak_wood":48,"minecraft:spruce_fence":1,"minecraft:oak_fence_gate":5,"aquaculture:red_grouper":2,"create:chute":15,"minecraft:iron_hoe":200,"minecraft:wooden_axe":45,"aquaculture:iron_fishing_rod":49,"create:gearbox":9,"quark:spruce_chest":2,"create:wrench":127,"minecraft:iron_axe":669,"minecraft:iron_boots":1,"minecraft:basalt":13,"minecraft:beef":2,"minecraft:soul_soil":17,"minecraft:cooked_beef":12,"minecraft:cobbled_deepslate":64,"minecraft:iron_leggings":1,"minecraft:pumpkin":1,"farmersdelight:fried_egg":6,"minecraft:wheat_seeds":290,"minecraft:cooked_mutton":13,"minecraft:water_bucket":178,"farmersdelight:skillet":12,"create:empty_blaze_burner":4,"minecraft:baked_potato":175,"minecraft:cherry_planks":2,"minecraft:brown_mushroom":1,"minecraft:stonecutter":1,"create:framed_glass_trapdoor":3,"create:blaze_burner":1,"create:encased_fan":24,"minecraft:crafting_table":12,"create:mechanical_harvester":5,"minecraft:white_bed":9,"minecraft:cod":4,"minecraft:oak_log":7,"aquaculture:pollock":1,"minecraft:wooden_hoe":48,"minecraft:diamond_pickaxe":1830,"minecraft:apple":3,"aquaculture:carp":2,"create:mechanical_press":2,"minecraft:iron_pickaxe":833,"create:water_wheel":36,"minecraft:stone_axe":373,"minecraft:cobblestone":129,"minecraft:cherry_stairs":1,"minecraft:porkchop":7,"minecraft:cooked_porkchop":7,"minecraft:bucket":186,"minecraft:glass_pane":7,"quark:oak_chest":13,"create:hand_crank":13,"minecraft:stripped_oak_log":24,"minecraft:kelp":73,"minecraft:dandelion":1},"minecraft:mined":{"create:deepslate_zinc_ore":14,"minecraft:spruce_planks":16,"minecraft:white_bed":6,"quark:yellow_blossom_leaves":5,"create:andesite_casing":28,"minecraft:cherry_log":75,"minecraft:grass_block":1386,"minecraft:cracked_polished_blackstone_bricks":25,"minecraft:soul_soil":33,"minecraft:composter":2,"minecraft:crimson_fungus":1,"minecraft:weeping_vines_plant":6,"minecraft:smooth_stone":1,"minecraft:polished_blackstone_bricks":34,"minecraft:tall_seagrass":8,"minecraft:magma_block":3,"minecraft:glowstone":7,"minecraft:iron_ore":1,"minecraft:cobbled_deepslate":38,"minecraft:moss_carpet":4,"minecraft:pumpkin":7,"minecraft:deepslate_lapis_ore":12,"minecraft:dirt_path":3,"create:mechanical_press":1,"create:limestone":1,"create:lit_blaze_burner":1,"minecraft:deepslate_redstone_ore":20,"create:cogwheel":14,"minecraft:brown_mushroom":3,"minecraft:blackstone":37,"minecraft:kelp_plant":47,"minecraft:crimson_nylium":32,"minecraft:torch":26,"minecraft:blast_furnace":1,"diagonalfences:minecraft/oak_fence":15,"minecraft:calcite":19,"create:framed_glass":1,"create:scoria":29,"quark:blossom_log":48,"minecraft:glass":25,"minecraft:nether_quartz_ore":78,"minecraft:cobblestone":15,"minecraft:oak_planks":62,"minecraft:sugar_cane":6,"minecraft:bricks":2,"minecraft:wall_torch":14,"minecraft:pink_petals":3,"create:basin":6,"minecraft:seagrass":4,"create:portable_storage_interface":5,"minecraft:nether_wart_block":13,"minecraft:wheat":184,"minecraft:lilac":1,"create:mechanical_mixer":7,"quark:glow_shroom":9,"minecraft:grass":153,"minecraft:oak_log":356,"minecraft:oak_fence_gate":3,"create:hand_crank":10,"minecraft:sand":229,"minecraft:dirt":1484,"quark:hollow_oak_log":3,"minecraft:smooth_basalt":20,"minecraft:netherrack":1713,"minecraft:deepslate":115,"create:zinc_ore":11,"minecraft:oak_leaves":138,"minecraft:nether_gold_ore":5,"minecraft:dark_prismarine":2,"minecraft:tuff":24,"minecraft:deepslate_diamond_ore":1,"gravestone:gravestone":24,"minecraft:glow_lichen":2,"create:large_cogwheel":8,"minecraft:crimson_roots":7,"minecraft:weeping_vines":5,"create:depot":5,"create:encased_fan":9,"minecraft:spruce_leaves":7,"minecraft:kelp":42,"minecraft:sandstone":3,"minecraft:crimson_stem":20,"minecraft:large_fern":4,"minecraft:hay_block":11,"create:shaft":14,"minecraft:furnace":3,"minecraft:carrots":2,"minecraft:andesite":7,"minecraft:stripped_spruce_log":1,"minecraft:potatoes":25,"minecraft:deepslate_iron_ore":8,"create:chute":5,"create:deployer":3,"minecraft:stripped_oak_log":56,"minecraft:packed_ice":5,"minecraft:stone":311,"minecraft:bone_block":4,"minecraft:glass_pane":7,"minecraft:cherry_planks":1,"minecraft:soul_sand":16,"quark:oak_chest":8,"minecraft:basalt":103,"minecraft:dandelion":1,"minecraft:crafting_table":7,"minecraft:oak_wood":12,"create:water_wheel":27,"minecraft:copper_ore":21,"minecraft:tall_grass":26,"quark:glow_shroom_block":3,"minecraft:lapis_ore":4,"minecraft:deepslate_gold_ore":8,"minecraft:diorite":83,"create:blaze_burner":3,"minecraft:cobblestone_wall":1,"create:gearbox":6,"minecraft:sweet_berry_bush":13,"minecraft:ice":1,"minecraft:spruce_log":30,"create:mechanical_bearing":5,"minecraft:coal_ore":65,"minecraft:cherry_leaves":1,"quark:spruce_chest":1,"minecraft:gravel":10,"minecraft:fern":4},"minecraft:broken":{"minecraft:iron_shovel":12,"minecraft:iron_boots":1,"minecraft:iron_leggings":1,"minecraft:stone_pickaxe":2,"minecraft:diamond_pickaxe":1,"minecraft:stone_axe":3,"minecraft:wooden_axe":1,"minecraft:bow":1,"minecraft:golden_hoe":1,"minecraft:stone_sword":1,"minecraft:wooden_pickaxe":1,"minecraft:iron_axe":2,"minecraft:iron_pickaxe":3,"minecraft:golden_pickaxe":1},"minecraft:killed_by":{"minecraft:creeper":2,"minecraft:piglin":2,"minecraft:zombie":1,"minecraft:player":1,"minecraft:spider":3,"minecraft:hoglin":1,"minecraft:skeleton":1},"minecraft:crafted":{"create:tiled_glass":24,"minecraft:oak_planks":914,"minecraft:cherry_slab":6,"minecraft:cooked_chicken":2,"minecraft:stone":63,"create:mechanical_harvester":5,"create:mechanical_bearing":1,"quark:cherry_chest":2,"minecraft:heavy_weighted_pressure_plate":2,"create:deployer":1,"minecraft:cooked_mutton":20,"create:vertical_gearbox":5,"minecraft:glass":142,"astikorcarts:animal_cart":1,"astikorcarts:plow":1,"create:mechanical_press":1,"minecraft:oak_button":12,"cfm:oak_kitchen_counter":8,"astikorcarts:wheel":6,"create:cogwheel":45,"minecraft:oak_fence":72,"create:brass_hand":1,"create:depot":1,"create:rose_quartz":1,"quark:blossom_planks":4,"minecraft:cooked_porkchop":7,"minecraft:crafting_table":7,"minecraft:spruce_planks":118,"minecraft:wooden_pickaxe":2,"minecraft:baked_potato":317,"minecraft:golden_pickaxe":1,"minecraft:copper_ingot":67,"create:sand_paper":1,"minecraft:oak_wood":36,"create:mechanical_mixer":1,"create:gearbox":9,"create:encased_fan":3,"farmersdelight:fried_egg":6,"minecraft:spruce_trapdoor":4,"minecraft:paper":3,"minecraft:golden_leggings":1,"minecraft:wooden_hoe":1,"minecraft:diamond_pickaxe":1,"create:water_wheel":8,"create:framed_glass_trapdoor":5,"create:super_glue":1,"create:portable_storage_interface":2,"create:framed_glass":2,"minecraft:stick":168,"quark:oak_chest":9,"minecraft:iron_ingot":30,"minecraft:iron_pickaxe":3,"minecraft:iron_block":1,"minecraft:stone_sword":1,"create:large_cogwheel":5,"aquaculture:iron_fishing_rod":1,"create:propeller":3,"create:chute":8,"minecraft:cherry_planks":132,"create:wrench":1,"minecraft:iron_nugget":163,"minecraft:furnace":3,"minecraft:bone_meal":60,"minecraft:spruce_fence":3,"create:oak_window":4,"minecraft:glass_pane":16,"minecraft:oak_trapdoor":2,"minecraft:iron_axe":3,"minecraft:iron_hoe":2,"minecraft:stone_pickaxe":2,"minecraft:cobblestone_wall":1,"create:electron_tube":1,"quark:spruce_chest":1,"create:belt_connector":1,"astikorcarts:supply_cart":1,"minecraft:cooked_beef":7,"minecraft:cooked_cod":1,"create:andesite_alloy":85,"create:hand_crank":2,"minecraft:diamond_sword":1,"minecraft:dried_kelp":57,"minecraft:iron_sword":2,"minecraft:cooked_salmon":4,"minecraft:bucket":2,"minecraft:stone_axe":3,"minecraft:air":0,"minecraft:bread":91,"minecraft:oak_fence_gate":5,"create:whisk":1,"create:linear_chassis":3,"minecraft:wooden_axe":1,"minecraft:iron_shovel":13,"minecraft:iron_leggings":1,"minecraft:white_bed":3,"create:shaft":112,"minecraft:torch":46,"create:zinc_ingot":25,"minecraft:golden_hoe":1},"minecraft:killed":{"minecraft:zombified_piglin":2,"aquaculture:red_grouper":2,"minecraft:spider":14,"minecraft:skeleton":8,"minecraft:bee":6,"minecraft:chicken":6,"aquaculture:atlantic_herring":3,"minecraft:magma_cube":13,"minecraft:piglin":6,"minecraft:pig":12,"minecraft:creeper":3,"minecraft:sheep":15,"minecraft:pillager":3,"aquaculture:minnow":2,"minecraft:zombie":35,"minecraft:cow":22,"aquaculture:pink_salmon":1,"aquaculture:brown_trout":1,"minecraft:drowned":3,"quark:foxhound":2,"minecraft:hoglin":5,"minecraft:squid":1,"aquaculture:pollock":1,"minecraft:villager":1,"minecraft:enderman":2},"minecraft:custom":{"minecraft:animals_bred":45,"minecraft:interact_with_crafting_table":224,"minecraft:leave_game":15,"minecraft:time_since_death":51508,"minecraft:sprint_one_cm":1726310,"minecraft:drop":371,"minecraft:talked_to_villager":21,"minecraft:play_time":1477740,"minecraft:deaths":24,"minecraft:jump":19481,"minecraft:walk_on_water_one_cm":262822,"minecraft:interact_with_furnace":201,"minecraft:sleep_in_bed":25,"minecraft:damage_dealt":25408,"minecraft:crouch_one_cm":204555,"minecraft:horse_one_cm":1799550,"minecraft:mob_kills":172,"minecraft:climb_one_cm":27296,"minecraft:walk_one_cm":5173382,"minecraft:sneak_time":61480,"minecraft:walk_under_water_one_cm":273802,"minecraft:boat_one_cm":394017,"minecraft:interact_with_blast_furnace":13,"minecraft:total_world_time":1477740,"minecraft:raid_trigger":1,"minecraft:interact_with_stonecutter":9,"minecraft:time_since_rest":36537,"minecraft:damage_taken":16190,"minecraft:swim_one_cm":470,"minecraft:fly_one_cm":2607284,"minecraft:open_chest":441,"minecraft:fish_caught":22,"minecraft:fall_one_cm":329000}},"DataVersion":3465}