{"stats":{"minecraft:custom":{"minecraft:time_since_rest":22699,"minecraft:sprint_one_cm":81915,"minecraft:damage_taken":1370,"minecraft:walk_one_cm":152526,"minecraft:drop":1,"minecraft:damage_dealt":237,"minecraft:fly_one_cm":158717,"minecraft:open_chest":2,"minecraft:crouch_one_cm":148,"minecraft:play_time":44766,"minecraft:deaths":5,"minecraft:sneak_time":427,"minecraft:walk_under_water_one_cm":1616,"minecraft:jump":455,"minecraft:leave_game":2,"minecraft:walk_on_water_one_cm":505,"minecraft:time_since_death":21689,"minecraft:total_world_time":44766,"minecraft:fall_one_cm":9993},"minecraft:killed_by":{"minecraft:zombie":3,"minecraft:pillager":2},"minecraft:mined":{"minecraft:dandelion":4,"minecraft:cornflower":3,"minecraft:azure_bluet":1,"minecraft:grass":61,"minecraft:grass_block":3,"minecraft:oak_log":1,"minecraft:poppy":1,"minecraft:dirt":5,"minecraft:tall_grass":1,"minecraft:oxeye_daisy":2},"minecraft:used":{"minecraft:oak_log":1,"minecraft:iron_bars":13,"minecraft:oxeye_daisy":2,"minecraft:lectern":1,"minecraft:torch":1,"minecraft:dirt":16,"minecraft:porkchop":2,"minecraft:egg":1},"minecraft:dropped":{"minecraft:iron_bars":1},"minecraft:picked_up":{"minecraft:azure_bluet":1,"minecraft:dandelion":5,"minecraft:porkchop":3,"minecraft:sand":1,"minecraft:oak_log":1,"minecraft:cornflower":3,"minecraft:dirt":31,"minecraft:wheat_seeds":11,"minecraft:poppy":1,"minecraft:iron_bars":1,"minecraft:oxeye_daisy":2,"minecraft:egg":1}},"DataVersion":3465}