{"stats":{"minecraft:dropped":{"quark:glow_shroom":10,"minecraft:oak_log":65,"minecraft:cooked_porkchop":1,"minecraft:dark_oak_button":1,"astikorcarts:wheel":6,"minecraft:dirt":384,"create:oak_window":4,"gravestone:obituary":11,"minecraft:gold_ingot":1,"minecraft:sugar_cane":48,"minecraft:wheat":26,"minecraft:rotten_flesh":16,"minecraft:oak_planks":253,"minecraft:cooked_mutton":6,"minecraft:azure_bluet":3,"minecraft:white_bed":1,"minecraft:poppy":1,"minecraft:gunpowder":2,"minecraft:ladder":3,"minecraft:arrow":6,"create:andesite_alloy":2,"minecraft:water_bucket":1,"minecraft:bread":19,"aquaculture:fish_bones":1,"minecraft:wheat_seeds":87,"create:chute":4,"minecraft:stick":5,"minecraft:gray_wool":1,"minecraft:diorite":5,"minecraft:ink_sac":2,"minecraft:torch":2,"minecraft:wooden_hoe":1,"minecraft:cherry_planks":44,"minecraft:iron_leggings":1,"minecraft:stonecutter":1,"minecraft:iron_shovel":1,"minecraft:string":3,"minecraft:pink_petals":14,"minecraft:spruce_sapling":4,"minecraft:dandelion":10,"minecraft:stone_sword":1,"minecraft:cobblestone_wall":1,"minecraft:iron_boots":1,"sophisticatedbackpacks:backpack":2,"astikorcarts:animal_cart":1,"minecraft:blast_furnace":1,"minecraft:potato":2,"minecraft:spruce_planks":5,"minecraft:iron_chestplate":1,"minecraft:andesite":124,"minecraft:oak_sapling":12,"minecraft:spider_eye":1,"minecraft:sandstone":9,"minecraft:stone_pickaxe":1},"minecraft:picked_up":{"minecraft:iron_chestplate":2,"minecraft:wheat":138,"minecraft:lead":7,"quark:hollow_oak_log":3,"minecraft:string":10,"minecraft:raw_copper":73,"minecraft:iron_leggings":2,"minecraft:pufferfish":1,"create:water_wheel":6,"minecraft:cobbled_deepslate":92,"create:mechanical_press":1,"minecraft:smooth_stone":1,"minecraft:spruce_planks":21,"minecraft:calcite":17,"minecraft:iron_pickaxe":1,"minecraft:iron_boots":2,"minecraft:furnace":3,"minecraft:stick":50,"minecraft:composter":2,"minecraft:oak_fence":12,"minecraft:torch":34,"create:andesite_casing":10,"quark:blossom_log":48,"minecraft:porkchop":22,"astikorcarts:animal_cart":8,"minecraft:cherry_log":75,"minecraft:diorite":83,"create:framed_glass":30,"minecraft:stone_sword":1,"minecraft:rotten_flesh":44,"minecraft:obsidian":1,"minecraft:cod":7,"minecraft:snowball":13,"minecraft:cobblestone":401,"minecraft:pink_petals":14,"minecraft:magma_block":2,"aquaculture:fish_bones":2,"minecraft:feather":6,"minecraft:cooked_beef":9,"minecraft:cherry_planks":26,"minecraft:water_bucket":1,"minecraft:andesite":479,"minecraft:potato":30,"minecraft:flint":1,"minecraft:tuff":33,"create:raw_zinc":25,"minecraft:lapis_lazuli":117,"farmersdelight:tomato":30,"minecraft:dirt":2697,"minecraft:name_tag":1,"minecraft:glass":63,"minecraft:bone":7,"minecraft:stonecutter":1,"minecraft:bow":1,"minecraft:wheat_seeds":274,"minecraft:raw_gold":3,"create:shaft":8,"minecraft:oak_planks":103,"aquaculture:atlantic_herring":3,"astikorcarts:supply_cart":2,"aquaculture:gar":1,"minecraft:cooked_porkchop":1,"minecraft:sand":47,"minecraft:stripped_spruce_log":1,"sophisticatedbackpacks:iron_backpack":1,"minecraft:ink_sac":2,"minecraft:dark_prismarine":2,"minecraft:spruce_boat":1,"minecraft:bone_meal":1,"minecraft:golden_apple":1,"minecraft:bread":14,"astikorcarts:plow":6,"minecraft:oak_sapling":50,"minecraft:bricks":2,"minecraft:fishing_rod":1,"minecraft:crafting_table":6,"minecraft:azure_bluet":3,"minecraft:chicken":6,"minecraft:ladder":3,"minecraft:brown_mushroom":1,"gravestone:obituary":2,"minecraft:cornflower":1,"minecraft:moss_carpet":6,"immersive_aircraft:biplane":5,"minecraft:iron_shovel":12,"create:chute":6,"aquaculture:pink_salmon":1,"quark:spruce_chest":1,"aquaculture:bluegill":2,"minecraft:beef":17,"minecraft:poppy":1,"minecraft:sugar_cane":48,"minecraft:egg":13,"minecraft:raw_iron":6,"minecraft:sandstone":9,"sophisticatedbackpacks:backpack":2,"aquaculture:perch":2,"minecraft:carrot":29,"minecraft:redstone":86,"minecraft:arrow":11,"minecraft:beetroot_seeds":1,"aquaculture:brown_trout":1,"minecraft:hay_block":11,"aquaculture:carp":1,"minecraft:gold_ingot":1,"minecraft:mutton":26,"minecraft:white_wool":14,"minecraft:stripped_oak_log":20,"minecraft:dark_oak_button":1,"minecraft:glow_ink_sac":3,"minecraft:tripwire_hook":1,"minecraft:salmon":4,"minecraft:leather":8,"create:oak_window":4,"minecraft:oak_log":323,"create:andesite_alloy":2,"minecraft:cobblestone_wall":1,"minecraft:gunpowder":4,"immersive_aircraft:gyrodyne":5,"minecraft:wooden_hoe":1,"minecraft:white_banner":1,"minecraft:apple":3,"minecraft:kelp":151,"quark:glow_shroom":16,"minecraft:oak_fence_gate":3,"minecraft:iron_ingot":26,"minecraft:stone_pickaxe":1,"aquaculture:pollock":1,"aquaculture:smallmouth_bass":1,"create:mechanical_bearing":5,"minecraft:pumpkin":7,"minecraft:sweet_berries":31,"minecraft:dandelion":15,"minecraft:gravel":26,"aquaculture:red_grouper":2,"minecraft:spruce_sapling":8,"astikorcarts:wheel":6,"minecraft:blast_furnace":1,"minecraft:white_bed":7,"minecraft:spruce_log":30,"minecraft:spider_eye":4,"minecraft:oak_wood":12,"minecraft:iron_helmet":1,"minecraft:gray_wool":1,"create:portable_storage_interface":5,"minecraft:baked_potato":26,"minecraft:black_wool":1,"minecraft:coal":65},"minecraft:used":{"minecraft:iron_shovel":2714,"create:portable_storage_interface":7,"aquaculture:brown_trout":1,"minecraft:stone":2,"minecraft:iron_sword":159,"create:tiled_glass":32,"create:oak_window":4,"create:mechanical_bearing":6,"aquaculture:bluegill":1,"minecraft:iron_chestplate":1,"minecraft:mutton":1,"quark:cherry_chest":2,"astikorcarts:supply_cart":3,"minecraft:carrot":19,"create:depot":1,"minecraft:snowball":5,"minecraft:stripped_spruce_log":1,"minecraft:spruce_boat":1,"farmersdelight:tomato":11,"minecraft:iron_helmet":1,"minecraft:magma_block":1,"minecraft:bow":1,"minecraft:hay_block":11,"create:shaft":3,"minecraft:sweet_berries":46,"minecraft:oak_sapling":34,"minecraft:furnace":5,"minecraft:cooked_cod":1,"minecraft:beetroot_seeds":1,"minecraft:egg":1,"immersive_aircraft:biplane":5,"minecraft:potato":39,"minecraft:diorite":1,"aquaculture:atlantic_herring":3,"minecraft:stone_pickaxe":249,"minecraft:oak_planks":71,"minecraft:wooden_pickaxe":53,"minecraft:composter":2,"minecraft:golden_hoe":32,"minecraft:sand":34,"astikorcarts:plow":10,"minecraft:blast_furnace":1,"cfm:oak_kitchen_counter":1,"minecraft:bread":28,"minecraft:gravel":2,"aquaculture:gar":1,"aquaculture:smallmouth_bass":1,"minecraft:andesite":4,"immersive_aircraft:gyrodyne":4,"minecraft:bone_meal":52,"aquaculture:pink_salmon":1,"minecraft:oak_fence":71,"create:framed_glass":1,"minecraft:stone_sword":151,"minecraft:dried_kelp":5,"minecraft:spruce_planks":9,"astikorcarts:animal_cart":8,"minecraft:cooked_salmon":4,"minecraft:torch":79,"minecraft:dirt":1467,"minecraft:cobblestone_wall":1,"minecraft:oak_wood":48,"minecraft:spruce_fence":1,"minecraft:oak_fence_gate":5,"aquaculture:red_grouper":2,"create:chute":3,"minecraft:iron_hoe":95,"minecraft:wooden_axe":45,"aquaculture:iron_fishing_rod":44,"quark:spruce_chest":2,"create:wrench":1,"minecraft:iron_axe":380,"minecraft:beef":2,"minecraft:cooked_beef":12,"minecraft:cobbled_deepslate":4,"minecraft:pumpkin":1,"farmersdelight:fried_egg":6,"minecraft:wheat_seeds":95,"minecraft:cooked_mutton":13,"minecraft:water_bucket":63,"minecraft:baked_potato":23,"minecraft:brown_mushroom":1,"minecraft:stonecutter":1,"minecraft:crafting_table":10,"create:mechanical_harvester":5,"minecraft:white_bed":9,"minecraft:cod":4,"minecraft:oak_log":7,"minecraft:wooden_hoe":48,"aquaculture:pollock":1,"minecraft:apple":3,"create:mechanical_press":2,"minecraft:iron_pickaxe":503,"create:water_wheel":7,"minecraft:stone_axe":373,"minecraft:cobblestone":129,"minecraft:porkchop":7,"minecraft:cooked_porkchop":7,"minecraft:bucket":64,"quark:oak_chest":1,"create:hand_crank":1,"minecraft:stripped_oak_log":5,"minecraft:kelp":63,"minecraft:dandelion":1},"minecraft:mined":{"create:deepslate_zinc_ore":14,"minecraft:spruce_planks":16,"minecraft:white_bed":6,"quark:yellow_blossom_leaves":5,"create:andesite_casing":10,"minecraft:cherry_log":75,"minecraft:grass_block":1328,"minecraft:composter":2,"minecraft:smooth_stone":1,"minecraft:tall_seagrass":8,"minecraft:magma_block":2,"minecraft:iron_ore":1,"minecraft:pumpkin":7,"minecraft:moss_carpet":4,"minecraft:deepslate_lapis_ore":12,"minecraft:dirt_path":3,"create:mechanical_press":1,"minecraft:deepslate_redstone_ore":20,"minecraft:brown_mushroom":3,"minecraft:kelp_plant":19,"minecraft:torch":15,"diagonalfences:minecraft/oak_fence":12,"minecraft:blast_furnace":1,"minecraft:calcite":19,"create:framed_glass":1,"quark:blossom_log":48,"minecraft:cobblestone":9,"minecraft:sugar_cane":3,"minecraft:oak_planks":46,"minecraft:bricks":2,"minecraft:wall_torch":4,"minecraft:pink_petals":3,"minecraft:seagrass":4,"create:portable_storage_interface":5,"minecraft:wheat":30,"minecraft:lilac":1,"quark:glow_shroom":9,"minecraft:grass":148,"minecraft:oak_log":322,"minecraft:oak_fence_gate":3,"minecraft:sand":36,"minecraft:dirt":1358,"quark:hollow_oak_log":3,"minecraft:oak_leaves":128,"minecraft:deepslate":113,"create:zinc_ore":11,"minecraft:dark_prismarine":2,"minecraft:tuff":24,"minecraft:deepslate_diamond_ore":1,"minecraft:glow_lichen":2,"gravestone:gravestone":11,"minecraft:spruce_leaves":7,"minecraft:kelp":38,"minecraft:sandstone":3,"minecraft:large_fern":4,"minecraft:hay_block":11,"create:shaft":1,"minecraft:furnace":3,"minecraft:carrots":2,"minecraft:andesite":7,"minecraft:stripped_spruce_log":1,"minecraft:potatoes":17,"minecraft:deepslate_iron_ore":3,"create:chute":2,"minecraft:stripped_oak_log":20,"minecraft:packed_ice":5,"minecraft:stone":311,"minecraft:dandelion":1,"minecraft:crafting_table":7,"minecraft:oak_wood":12,"create:water_wheel":6,"minecraft:copper_ore":21,"quark:glow_shroom_block":3,"minecraft:tall_grass":26,"minecraft:lapis_ore":4,"minecraft:deepslate_gold_ore":3,"minecraft:diorite":83,"minecraft:cobblestone_wall":1,"minecraft:sweet_berry_bush":13,"minecraft:ice":1,"minecraft:spruce_log":30,"minecraft:coal_ore":65,"create:mechanical_bearing":5,"minecraft:cherry_leaves":1,"quark:spruce_chest":1,"minecraft:gravel":10,"minecraft:fern":4},"minecraft:broken":{"minecraft:iron_shovel":10,"minecraft:stone_pickaxe":2,"minecraft:stone_axe":3,"minecraft:wooden_axe":1,"minecraft:bow":1,"minecraft:golden_hoe":1,"minecraft:stone_sword":1,"minecraft:wooden_pickaxe":1,"minecraft:iron_axe":1,"minecraft:iron_pickaxe":2},"minecraft:killed_by":{"minecraft:creeper":2,"minecraft:zombie":1,"minecraft:player":1,"minecraft:spider":2,"minecraft:skeleton":1},"minecraft:crafted":{"create:tiled_glass":24,"minecraft:oak_planks":788,"minecraft:cherry_slab":6,"minecraft:cooked_chicken":1,"create:mechanical_harvester":5,"minecraft:stone":63,"create:mechanical_bearing":1,"quark:cherry_chest":2,"minecraft:cooked_mutton":20,"minecraft:glass":64,"astikorcarts:animal_cart":1,"astikorcarts:plow":1,"create:mechanical_press":1,"cfm:oak_kitchen_counter":8,"astikorcarts:wheel":6,"create:cogwheel":1,"minecraft:oak_fence":69,"create:depot":1,"quark:blossom_planks":4,"minecraft:cooked_porkchop":7,"minecraft:crafting_table":5,"minecraft:spruce_planks":118,"minecraft:baked_potato":60,"minecraft:wooden_pickaxe":1,"minecraft:copper_ingot":67,"minecraft:oak_wood":36,"farmersdelight:fried_egg":6,"minecraft:wooden_hoe":1,"create:water_wheel":1,"create:super_glue":1,"create:portable_storage_interface":2,"create:framed_glass":2,"minecraft:stick":140,"quark:oak_chest":3,"minecraft:iron_ingot":25,"minecraft:iron_pickaxe":1,"minecraft:iron_block":1,"minecraft:stone_sword":1,"aquaculture:iron_fishing_rod":1,"create:chute":8,"minecraft:cherry_planks":132,"create:wrench":1,"minecraft:iron_nugget":77,"minecraft:furnace":3,"minecraft:bone_meal":60,"minecraft:spruce_fence":3,"create:oak_window":4,"minecraft:iron_axe":2,"minecraft:iron_hoe":2,"minecraft:stone_pickaxe":2,"minecraft:cobblestone_wall":1,"quark:spruce_chest":1,"create:belt_connector":1,"astikorcarts:supply_cart":1,"minecraft:cooked_beef":7,"minecraft:cooked_cod":1,"create:andesite_alloy":35,"create:hand_crank":1,"minecraft:dried_kelp":57,"minecraft:iron_sword":1,"minecraft:cooked_salmon":4,"minecraft:bucket":1,"minecraft:stone_axe":3,"minecraft:bread":42,"minecraft:air":0,"minecraft:oak_fence_gate":5,"create:linear_chassis":3,"minecraft:wooden_axe":1,"minecraft:iron_shovel":12,"minecraft:white_bed":3,"create:shaft":8,"minecraft:torch":46,"create:zinc_ingot":25,"minecraft:golden_hoe":1},"minecraft:killed":{"aquaculture:red_grouper":2,"minecraft:spider":14,"minecraft:skeleton":3,"minecraft:bee":6,"minecraft:chicken":6,"aquaculture:atlantic_herring":3,"minecraft:pig":12,"minecraft:creeper":3,"minecraft:sheep":15,"minecraft:pillager":3,"aquaculture:minnow":2,"minecraft:zombie":23,"minecraft:cow":7,"aquaculture:pink_salmon":1,"aquaculture:brown_trout":1,"minecraft:drowned":3,"minecraft:squid":1,"aquaculture:pollock":1,"minecraft:villager":1,"minecraft:enderman":2},"minecraft:custom":{"minecraft:animals_bred":22,"minecraft:interact_with_crafting_table":133,"minecraft:leave_game":10,"minecraft:time_since_death":258979,"minecraft:sprint_one_cm":911950,"minecraft:drop":133,"minecraft:talked_to_villager":21,"minecraft:play_time":783023,"minecraft:deaths":11,"minecraft:jump":9776,"minecraft:walk_on_water_one_cm":180420,"minecraft:interact_with_furnace":130,"minecraft:sleep_in_bed":16,"minecraft:damage_dealt":14337,"minecraft:crouch_one_cm":54469,"minecraft:horse_one_cm":1333211,"minecraft:mob_kills":112,"minecraft:climb_one_cm":25670,"minecraft:walk_one_cm":2754437,"minecraft:sneak_time":17830,"minecraft:walk_under_water_one_cm":184234,"minecraft:boat_one_cm":310718,"minecraft:interact_with_blast_furnace":6,"minecraft:total_world_time":783023,"minecraft:raid_trigger":1,"minecraft:interact_with_stonecutter":8,"minecraft:time_since_rest":259013,"minecraft:damage_taken":6761,"minecraft:swim_one_cm":188,"minecraft:fly_one_cm":1512834,"minecraft:open_chest":231,"minecraft:fish_caught":18,"minecraft:fall_one_cm":156086}},"DataVersion":3465}