{"stats":{"minecraft:mined":{"minecraft:dandelion":5,"minecraft:cornflower":3,"minecraft:grass_block":3,"minecraft:poppy":1,"minecraft:tall_grass":1,"minecraft:oxeye_daisy":2,"minecraft:azure_bluet":2,"minecraft:grass":62,"minecraft:oak_log":1,"minecraft:dirt":5,"cfm:stripped_birch_chair":1},"minecraft:killed_by":{"minecraft:zombie":3,"minecraft:pillager":2},"minecraft:used":{"minecraft:water_bucket":4,"cfm:stripped_birch_chair":3,"minecraft:iron_bars":13,"create:netherite_diving_helmet":1,"minecraft:mangrove_chest_boat":1,"minecraft:diamond_hoe":12,"farmersdelight:stove":1,"minecraft:cooked_chicken":8,"quark:paper_wall_big":8,"minecraft:torch":1,"minecraft:dirt":16,"aquaculture:gold_fishing_rod":4,"minecraft:spruce_fence":15,"minecraft:azure_bluet":1,"create:framed_glass_pane":7,"farmersdelight:stuffed_pumpkin_block":1,"minecraft:oak_log":1,"create:smart_chute":6,"minecraft:glass":20,"minecraft:oxeye_daisy":2,"create:mechanical_press":20,"quark:pickarang":1,"minecraft:lectern":1,"create:water_wheel":23,"create:large_water_wheel":2,"create:creative_motor":1,"minecraft:porkchop":2,"immersive_aircraft:gyrodyne":4,"create:hand_crank":13,"minecraft:egg":2,"create:large_cogwheel":1},"minecraft:custom":{"minecraft:leave_game":17,"minecraft:time_since_death":63966,"minecraft:time_since_rest":63997,"minecraft:sprint_one_cm":92296,"minecraft:damage_taken":2120,"minecraft:walk_one_cm":316059,"minecraft:drop":8,"minecraft:damage_dealt":247,"minecraft:fly_one_cm":423575,"minecraft:open_chest":3,"minecraft:crouch_one_cm":553,"minecraft:play_time":124172,"minecraft:deaths":7,"minecraft:sneak_time":2668,"minecraft:walk_under_water_one_cm":2581,"minecraft:boat_one_cm":1222,"minecraft:jump":802,"minecraft:walk_on_water_one_cm":2687,"minecraft:total_world_time":124172,"minecraft:fish_caught":1,"minecraft:fall_one_cm":16932},"minecraft:dropped":{"minecraft:wheat_seeds":1,"minecraft:diamond_hoe":2,"aquaculture:minnow":1,"minecraft:torch":1,"create:hand_crank":1,"minecraft:iron_bars":1,"minecraft:dandelion":1},"minecraft:picked_up":{"minecraft:azure_bluet":2,"minecraft:oak_log":1,"cfm:stripped_birch_chair":1,"minecraft:cornflower":3,"minecraft:dirt":32,"quark:paper_wall_big":1,"minecraft:wheat_seeds":13,"aquaculture:bluegill":2,"minecraft:poppy":1,"quark:pickarang":1,"aquaculture:minnow":3,"minecraft:lectern":1,"minecraft:diamond_hoe":2,"minecraft:egg":2,"farmersdelight:stuffed_pumpkin_block":1,"minecraft:torch":2,"minecraft:dandelion":6,"minecraft:spruce_fence":1,"minecraft:porkchop":3,"minecraft:sand":1,"create:hand_crank":2,"create:large_cogwheel":1,"farmersdelight:stove":1,"minecraft:iron_bars":2,"minecraft:oxeye_daisy":2}},"DataVersion":3465}