{"stats":{"minecraft:picked_up":{"minecraft:dirt":3,"minecraft:birch_log":4},"minecraft:custom":{"minecraft:jump":59,"minecraft:time_since_rest":3030,"minecraft:leave_game":1,"minecraft:crouch_one_cm":38,"minecraft:sprint_one_cm":6127,"minecraft:play_time":3030,"minecraft:damage_taken":50,"minecraft:time_since_death":3030,"minecraft:walk_one_cm":7159,"minecraft:sneak_time":33,"minecraft:total_world_time":3030,"minecraft:drop":4,"minecraft:fall_one_cm":2039,"minecraft:fly_one_cm":7178},"minecraft:mined":{"minecraft:birch_log":1,"minecraft:grass_block":2},"minecraft:dropped":{"minecraft:dirt":1,"minecraft:birch_log":3}},"DataVersion":3465}