{"stats":{"minecraft:used":{"minecraft:string":3,"minecraft:chicken":2,"minecraft:poppy":3,"minecraft:dirt":21,"minecraft:mutton":4,"minecraft:porkchop":3,"minecraft:egg":2},"minecraft:picked_up":{"minecraft:birch_log":4,"minecraft:feather":3,"minecraft:chicken":2,"minecraft:porkchop":3,"minecraft:sand":6,"minecraft:oak_log":4,"minecraft:spruce_log":10,"minecraft:string":5,"minecraft:cornflower":9,"minecraft:dirt":32,"minecraft:wheat_seeds":2,"minecraft:poppy":3,"minecraft:light_gray_wool":1,"minecraft:mutton":5,"minecraft:white_wool":2,"minecraft:egg":2},"minecraft:custom":{"minecraft:time_since_rest":23807,"minecraft:sprint_one_cm":88021,"minecraft:damage_taken":1050,"minecraft:walk_one_cm":152847,"minecraft:mob_kills":6,"minecraft:drop":12,"minecraft:damage_dealt":486,"minecraft:fly_one_cm":60929,"minecraft:crouch_one_cm":38,"minecraft:play_time":38488,"minecraft:deaths":3,"minecraft:sneak_time":33,"minecraft:walk_under_water_one_cm":124,"minecraft:jump":601,"minecraft:leave_game":5,"minecraft:time_since_death":23781,"minecraft:walk_on_water_one_cm":718,"minecraft:total_world_time":38488,"minecraft:fall_one_cm":18122},"minecraft:killed_by":{"minecraft:zombie":2},"minecraft:killed":{"minecraft:sheep":3,"minecraft:pig":1,"minecraft:chicken":2},"minecraft:dropped":{"minecraft:dirt":9,"minecraft:birch_log":3},"minecraft:mined":{"minecraft:seagrass":1,"minecraft:tall_seagrass":2,"minecraft:birch_log":1,"minecraft:spruce_log":10,"minecraft:cornflower":9,"minecraft:grass":18,"minecraft:grass_block":3,"minecraft:oak_log":4,"minecraft:poppy":3,"minecraft:sand":7,"minecraft:dirt":3,"minecraft:spruce_leaves":7,"minecraft:oak_leaves":14,"minecraft:tripwire":3}},"DataVersion":3465}