{"stats":{"minecraft:killed":{"aquaculture:red_grouper":2,"minecraft:spider":3,"minecraft:skeleton":1,"minecraft:bee":6,"minecraft:chicken":5,"aquaculture:atlantic_herring":1,"minecraft:pig":9,"minecraft:creeper":1,"minecraft:sheep":15,"minecraft:pillager":2,"minecraft:zombie":2,"minecraft:cow":6},"minecraft:mined":{"minecraft:dark_prismarine":2,"minecraft:spruce_planks":11,"minecraft:white_bed":6,"quark:yellow_blossom_leaves":5,"minecraft:cherry_log":40,"gravestone:gravestone":4,"minecraft:grass_block":14,"minecraft:spruce_leaves":7,"minecraft:large_fern":4,"minecraft:moss_carpet":4,"minecraft:stripped_spruce_log":1,"minecraft:pumpkin":7,"minecraft:stripped_oak_log":15,"minecraft:packed_ice":5,"minecraft:stone":46,"minecraft:crafting_table":2,"diagonalfences:minecraft/oak_fence":1,"quark:blossom_log":48,"minecraft:tall_grass":8,"minecraft:cobblestone":1,"minecraft:oak_planks":16,"minecraft:sugar_cane":1,"minecraft:diorite":13,"minecraft:pink_petals":3,"minecraft:sweet_berry_bush":13,"minecraft:lilac":1,"minecraft:spruce_log":30,"minecraft:grass":34,"minecraft:coal_ore":5,"minecraft:oak_log":143,"quark:spruce_chest":1,"quark:hollow_oak_log":3,"minecraft:oak_leaves":4,"minecraft:fern":4},"minecraft:killed_by":{"minecraft:spider":1,"minecraft:skeleton":1},"minecraft:dropped":{"minecraft:wheat_seeds":5,"minecraft:cooked_porkchop":1,"minecraft:dark_oak_button":1,"minecraft:gray_wool":1,"gravestone:obituary":6,"minecraft:pink_petals":14,"minecraft:spruce_sapling":4,"minecraft:stone_sword":1,"minecraft:rotten_flesh":8,"minecraft:oak_planks":200,"minecraft:cooked_mutton":6,"minecraft:white_bed":1,"minecraft:gunpowder":2,"minecraft:ladder":3,"minecraft:spider_eye":1},"minecraft:crafted":{"minecraft:oak_planks":518,"minecraft:cooked_chicken":1,"minecraft:furnace":1,"minecraft:bone_meal":6,"minecraft:spruce_fence":3,"minecraft:cooked_mutton":20,"minecraft:stone_pickaxe":1,"quark:spruce_chest":1,"minecraft:oak_fence":3,"minecraft:cooked_beef":7,"minecraft:cooked_porkchop":5,"minecraft:crafting_table":2,"minecraft:spruce_planks":118,"minecraft:wooden_pickaxe":1,"minecraft:cooked_salmon":2,"minecraft:copper_ingot":1,"minecraft:stone_axe":3,"minecraft:oak_fence_gate":1,"minecraft:wooden_hoe":1,"minecraft:stick":12,"minecraft:wooden_axe":1,"minecraft:stone_sword":1,"minecraft:white_bed":3},"minecraft:custom":{"minecraft:mob_kills":54,"minecraft:interact_with_crafting_table":30,"minecraft:leave_game":3,"minecraft:time_since_death":124984,"minecraft:climb_one_cm":25670,"minecraft:sprint_one_cm":282783,"minecraft:walk_one_cm":639301,"minecraft:drop":23,"minecraft:play_time":168521,"minecraft:deaths":4,"minecraft:sneak_time":2412,"minecraft:walk_under_water_one_cm":42667,"minecraft:boat_one_cm":103110,"minecraft:jump":3963,"minecraft:walk_on_water_one_cm":38161,"minecraft:total_world_time":168521,"minecraft:interact_with_furnace":42,"minecraft:raid_trigger":1,"minecraft:sleep_in_bed":6,"minecraft:time_since_rest":13423,"minecraft:damage_taken":2092,"minecraft:damage_dealt":5205,"minecraft:swim_one_cm":188,"minecraft:fly_one_cm":633778,"minecraft:open_chest":29,"minecraft:crouch_one_cm":720,"minecraft:fall_one_cm":57948,"minecraft:horse_one_cm":9928},"minecraft:used":{"minecraft:oak_fence":4,"minecraft:stone_sword":151,"minecraft:spruce_planks":9,"minecraft:cooked_salmon":2,"minecraft:torch":2,"minecraft:mutton":1,"minecraft:spruce_fence":1,"minecraft:snowball":5,"minecraft:stripped_spruce_log":1,"minecraft:spruce_boat":1,"minecraft:wooden_axe":45,"quark:spruce_chest":2,"minecraft:bow":1,"minecraft:sweet_berries":46,"minecraft:furnace":1,"minecraft:oak_sapling":2,"minecraft:cooked_beef":3,"minecraft:potato":2,"minecraft:pumpkin":1,"minecraft:wheat_seeds":2,"minecraft:cooked_mutton":11,"aquaculture:atlantic_herring":1,"minecraft:stone_pickaxe":31,"minecraft:oak_planks":16,"minecraft:wooden_pickaxe":53,"minecraft:crafting_table":3,"minecraft:white_bed":9,"minecraft:wooden_hoe":9,"minecraft:stone_axe":340,"minecraft:cobblestone":3,"minecraft:cooked_porkchop":5,"minecraft:porkchop":4},"minecraft:broken":{"minecraft:stone_sword":1,"minecraft:wooden_pickaxe":1,"minecraft:stone_axe":2,"minecraft:wooden_axe":1,"minecraft:bow":1},"minecraft:picked_up":{"minecraft:crafting_table":1,"minecraft:iron_chestplate":1,"minecraft:ladder":3,"minecraft:chicken":5,"minecraft:lead":1,"quark:hollow_oak_log":3,"gravestone:obituary":2,"minecraft:string":5,"minecraft:moss_carpet":6,"minecraft:iron_leggings":1,"quark:spruce_chest":1,"minecraft:spruce_planks":16,"minecraft:beef":15,"minecraft:iron_boots":1,"minecraft:egg":3,"minecraft:stick":10,"minecraft:raw_iron":1,"minecraft:oak_fence":1,"minecraft:torch":2,"minecraft:porkchop":17,"quark:blossom_log":47,"minecraft:cherry_log":41,"minecraft:diorite":13,"minecraft:stone_sword":1,"minecraft:arrow":5,"minecraft:rotten_flesh":23,"minecraft:mutton":26,"minecraft:snowball":13,"minecraft:white_wool":14,"minecraft:cobblestone":88,"minecraft:stripped_oak_log":15,"minecraft:pink_petals":14,"minecraft:cooked_beef":5,"minecraft:feather":5,"minecraft:dark_oak_button":1,"minecraft:leather":8,"minecraft:potato":1,"minecraft:oak_log":144,"minecraft:gunpowder":4,"minecraft:dirt":31,"minecraft:white_banner":1,"minecraft:bone":5,"minecraft:bow":1,"minecraft:wheat_seeds":8,"minecraft:oak_planks":24,"aquaculture:atlantic_herring":1,"minecraft:cooked_porkchop":1,"minecraft:pumpkin":7,"minecraft:sweet_berries":31,"minecraft:sand":11,"aquaculture:red_grouper":2,"minecraft:stripped_spruce_log":1,"minecraft:spruce_sapling":8,"minecraft:white_bed":7,"minecraft:spruce_log":30,"minecraft:spider_eye":1,"minecraft:dark_prismarine":2,"minecraft:spruce_boat":1,"minecraft:golden_apple":1,"minecraft:gray_wool":1,"minecraft:oak_sapling":6,"minecraft:black_wool":1,"minecraft:coal":5}},"DataVersion":3465}