{"stats":{"minecraft:killed":{"aquaculture:red_grouper":2,"minecraft:spider":14,"minecraft:skeleton":3,"minecraft:bee":6,"minecraft:chicken":6,"aquaculture:atlantic_herring":3,"minecraft:piglin":6,"minecraft:pig":12,"minecraft:creeper":3,"minecraft:sheep":15,"minecraft:pillager":3,"aquaculture:minnow":2,"minecraft:zombie":27,"minecraft:cow":13,"aquaculture:pink_salmon":1,"aquaculture:brown_trout":1,"minecraft:drowned":3,"quark:foxhound":1,"minecraft:hoglin":3,"minecraft:squid":1,"aquaculture:pollock":1,"minecraft:villager":1,"minecraft:enderman":2},"minecraft:mined":{"create:deepslate_zinc_ore":14,"minecraft:spruce_planks":16,"minecraft:white_bed":6,"quark:yellow_blossom_leaves":5,"create:andesite_casing":26,"minecraft:cherry_log":75,"minecraft:grass_block":1357,"minecraft:cracked_polished_blackstone_bricks":25,"minecraft:soul_soil":33,"minecraft:composter":2,"minecraft:crimson_fungus":1,"minecraft:weeping_vines_plant":5,"minecraft:smooth_stone":1,"minecraft:polished_blackstone_bricks":34,"minecraft:tall_seagrass":8,"minecraft:magma_block":2,"minecraft:iron_ore":1,"minecraft:cobbled_deepslate":29,"minecraft:moss_carpet":4,"minecraft:pumpkin":7,"minecraft:deepslate_lapis_ore":12,"minecraft:dirt_path":3,"create:mechanical_press":1,"create:lit_blaze_burner":1,"minecraft:deepslate_redstone_ore":20,"create:cogwheel":12,"minecraft:brown_mushroom":3,"minecraft:blackstone":34,"minecraft:kelp_plant":47,"minecraft:crimson_nylium":28,"minecraft:torch":16,"minecraft:blast_furnace":1,"diagonalfences:minecraft/oak_fence":15,"minecraft:calcite":19,"create:framed_glass":1,"create:scoria":29,"quark:blossom_log":48,"minecraft:glass":6,"minecraft:nether_quartz_ore":49,"minecraft:cobblestone":15,"minecraft:oak_planks":50,"minecraft:sugar_cane":3,"minecraft:bricks":2,"minecraft:wall_torch":4,"minecraft:pink_petals":3,"create:basin":6,"minecraft:seagrass":4,"create:portable_storage_interface":5,"minecraft:nether_wart_block":12,"minecraft:wheat":85,"minecraft:lilac":1,"create:mechanical_mixer":5,"quark:glow_shroom":9,"minecraft:grass":148,"minecraft:oak_log":343,"minecraft:oak_fence_gate":3,"create:hand_crank":4,"minecraft:sand":229,"minecraft:dirt":1419,"quark:hollow_oak_log":3,"minecraft:smooth_basalt":20,"minecraft:netherrack":1610,"minecraft:deepslate":113,"create:zinc_ore":11,"minecraft:oak_leaves":132,"minecraft:nether_gold_ore":5,"minecraft:dark_prismarine":2,"minecraft:tuff":24,"minecraft:deepslate_diamond_ore":1,"gravestone:gravestone":20,"minecraft:glow_lichen":2,"create:large_cogwheel":8,"minecraft:crimson_roots":7,"minecraft:weeping_vines":5,"create:depot":5,"create:encased_fan":5,"minecraft:spruce_leaves":7,"minecraft:kelp":42,"minecraft:sandstone":3,"minecraft:crimson_stem":20,"minecraft:large_fern":4,"minecraft:hay_block":11,"create:shaft":12,"minecraft:furnace":3,"minecraft:carrots":2,"minecraft:andesite":7,"minecraft:stripped_spruce_log":1,"minecraft:potatoes":25,"minecraft:deepslate_iron_ore":3,"create:chute":4,"minecraft:stripped_oak_log":39,"minecraft:packed_ice":5,"minecraft:stone":311,"minecraft:bone_block":4,"minecraft:glass_pane":7,"minecraft:soul_sand":16,"quark:oak_chest":3,"minecraft:basalt":26,"minecraft:dandelion":1,"minecraft:crafting_table":7,"minecraft:oak_wood":12,"create:water_wheel":24,"minecraft:copper_ore":21,"minecraft:tall_grass":26,"quark:glow_shroom_block":3,"minecraft:lapis_ore":4,"minecraft:deepslate_gold_ore":3,"minecraft:diorite":83,"create:blaze_burner":1,"minecraft:cobblestone_wall":1,"create:gearbox":6,"minecraft:sweet_berry_bush":13,"minecraft:ice":1,"minecraft:spruce_log":30,"create:mechanical_bearing":5,"minecraft:coal_ore":65,"minecraft:cherry_leaves":1,"quark:spruce_chest":1,"minecraft:gravel":10,"minecraft:fern":4},"minecraft:killed_by":{"minecraft:creeper":2,"minecraft:piglin":2,"minecraft:zombie":1,"minecraft:player":1,"minecraft:spider":2,"minecraft:hoglin":1,"minecraft:skeleton":1},"minecraft:dropped":{"sophisticatedbackpacks:iron_backpack":1,"minecraft:iron_sword":1,"quark:glow_shroom":10,"minecraft:oak_log":65,"minecraft:baked_potato":37,"minecraft:cooked_porkchop":1,"minecraft:weeping_vines":2,"create:cogwheel":1,"minecraft:dark_oak_button":1,"astikorcarts:wheel":6,"minecraft:cod":1,"minecraft:flint":6,"minecraft:dirt":424,"immersive_aircraft:gyrodyne":3,"create:oak_window":4,"minecraft:gold_nugget":18,"gravestone:obituary":16,"minecraft:polished_blackstone_bricks":1,"minecraft:bone_meal":1,"create:iron_sheet":16,"create:large_cogwheel":1,"minecraft:iron_pickaxe":1,"minecraft:gold_ingot":1,"minecraft:crimson_fungus":1,"minecraft:sugar_cane":48,"minecraft:iron_nugget":2,"minecraft:golden_chestplate":1,"minecraft:wheat":26,"minecraft:rotten_flesh":24,"minecraft:oak_planks":270,"minecraft:cooked_mutton":6,"minecraft:azure_bluet":3,"minecraft:white_bed":1,"minecraft:poppy":1,"minecraft:oak_fence_gate":2,"create:framed_glass_trapdoor":2,"minecraft:gunpowder":2,"minecraft:heavy_weighted_pressure_plate":1,"minecraft:ladder":3,"minecraft:painting":2,"minecraft:basalt":7,"minecraft:arrow":6,"minecraft:glass":1,"minecraft:beef":16,"minecraft:netherrack":694,"create:andesite_alloy":2,"minecraft:egg":3,"create:mechanical_mixer":2,"create:basin":1,"minecraft:water_bucket":1,"minecraft:iron_ingot":18,"minecraft:bread":19,"aquaculture:fish_bones":1,"minecraft:wheat_seeds":107,"farmersdelight:skillet":1,"minecraft:oak_fence":2,"minecraft:cobblestone":14,"minecraft:feather":2,"create:chute":5,"minecraft:copper_ingot":64,"minecraft:coal":1,"minecraft:stick":47,"minecraft:gray_wool":1,"quark:clear_shard":31,"minecraft:diorite":5,"minecraft:ink_sac":2,"minecraft:wooden_hoe":1,"minecraft:torch":3,"minecraft:cherry_planks":44,"minecraft:iron_leggings":1,"minecraft:stonecutter":1,"minecraft:iron_shovel":1,"minecraft:pink_petals":14,"minecraft:string":3,"minecraft:spruce_sapling":4,"minecraft:dandelion":10,"minecraft:smooth_basalt":5,"minecraft:stone_sword":1,"minecraft:cobblestone_wall":1,"minecraft:iron_boots":1,"sophisticatedbackpacks:backpack":2,"minecraft:glass_pane":9,"astikorcarts:animal_cart":1,"minecraft:blast_furnace":1,"minecraft:potato":2,"minecraft:oak_button":12,"minecraft:spruce_planks":5,"create:zinc_ingot":64,"minecraft:iron_chestplate":1,"minecraft:andesite":156,"minecraft:oak_sapling":13,"minecraft:spider_eye":1,"minecraft:sandstone":9,"minecraft:stone_pickaxe":1},"minecraft:crafted":{"create:tiled_glass":24,"minecraft:oak_planks":868,"minecraft:cherry_slab":6,"minecraft:cooked_chicken":2,"minecraft:stone":63,"create:mechanical_harvester":5,"create:mechanical_bearing":1,"quark:cherry_chest":2,"minecraft:heavy_weighted_pressure_plate":2,"minecraft:cooked_mutton":20,"create:vertical_gearbox":5,"minecraft:glass":127,"astikorcarts:animal_cart":1,"astikorcarts:plow":1,"create:mechanical_press":1,"minecraft:oak_button":12,"cfm:oak_kitchen_counter":8,"astikorcarts:wheel":6,"create:cogwheel":44,"minecraft:oak_fence":72,"create:depot":1,"quark:blossom_planks":4,"minecraft:cooked_porkchop":7,"minecraft:crafting_table":7,"minecraft:spruce_planks":118,"minecraft:wooden_pickaxe":1,"minecraft:baked_potato":201,"minecraft:golden_pickaxe":1,"minecraft:copper_ingot":67,"minecraft:oak_wood":36,"create:mechanical_mixer":1,"create:gearbox":9,"create:encased_fan":2,"farmersdelight:fried_egg":6,"minecraft:spruce_trapdoor":4,"minecraft:wooden_hoe":1,"minecraft:diamond_pickaxe":1,"create:water_wheel":7,"create:framed_glass_trapdoor":5,"create:super_glue":1,"create:portable_storage_interface":2,"create:framed_glass":2,"minecraft:stick":164,"quark:oak_chest":6,"minecraft:iron_ingot":25,"minecraft:iron_pickaxe":2,"minecraft:iron_block":1,"minecraft:stone_sword":1,"create:large_cogwheel":5,"aquaculture:iron_fishing_rod":1,"create:propeller":2,"create:chute":8,"minecraft:cherry_planks":132,"create:wrench":1,"minecraft:iron_nugget":163,"minecraft:furnace":3,"minecraft:bone_meal":60,"minecraft:spruce_fence":3,"create:oak_window":4,"minecraft:oak_trapdoor":2,"minecraft:glass_pane":16,"minecraft:iron_axe":3,"minecraft:iron_hoe":2,"minecraft:stone_pickaxe":2,"minecraft:cobblestone_wall":1,"quark:spruce_chest":1,"create:belt_connector":1,"astikorcarts:supply_cart":1,"minecraft:cooked_beef":7,"minecraft:cooked_cod":1,"create:andesite_alloy":82,"create:hand_crank":2,"minecraft:diamond_sword":1,"minecraft:dried_kelp":57,"minecraft:iron_sword":2,"minecraft:cooked_salmon":4,"minecraft:bucket":2,"minecraft:stone_axe":3,"minecraft:air":0,"minecraft:bread":91,"minecraft:oak_fence_gate":5,"create:whisk":1,"create:linear_chassis":3,"minecraft:wooden_axe":1,"minecraft:iron_shovel":13,"minecraft:white_bed":3,"create:shaft":112,"minecraft:torch":46,"create:zinc_ingot":25,"minecraft:golden_hoe":1},"minecraft:custom":{"minecraft:animals_bred":30,"minecraft:interact_with_crafting_table":198,"minecraft:leave_game":14,"minecraft:time_since_death":39285,"minecraft:sprint_one_cm":1461415,"minecraft:drop":308,"minecraft:talked_to_villager":21,"minecraft:play_time":1171499,"minecraft:deaths":20,"minecraft:jump":15557,"minecraft:walk_on_water_one_cm":212361,"minecraft:interact_with_furnace":184,"minecraft:sleep_in_bed":16,"minecraft:damage_dealt":20059,"minecraft:crouch_one_cm":134654,"minecraft:horse_one_cm":1477448,"minecraft:mob_kills":132,"minecraft:climb_one_cm":27288,"minecraft:walk_one_cm":4338212,"minecraft:sneak_time":38190,"minecraft:walk_under_water_one_cm":209922,"minecraft:boat_one_cm":310718,"minecraft:interact_with_blast_furnace":12,"minecraft:total_world_time":1171499,"minecraft:raid_trigger":1,"minecraft:interact_with_stonecutter":9,"minecraft:time_since_rest":39309,"minecraft:damage_taken":13130,"minecraft:swim_one_cm":470,"minecraft:fly_one_cm":2173469,"minecraft:open_chest":356,"minecraft:fish_caught":22,"minecraft:fall_one_cm":269324},"minecraft:used":{"minecraft:iron_shovel":3000,"create:portable_storage_interface":7,"aquaculture:brown_trout":1,"minecraft:stone":2,"minecraft:iron_sword":315,"create:tiled_glass":32,"create:oak_window":4,"create:mechanical_bearing":6,"aquaculture:bluegill":1,"minecraft:iron_chestplate":1,"minecraft:mutton":1,"quark:cherry_chest":2,"astikorcarts:supply_cart":3,"create:cogwheel":24,"minecraft:carrot":21,"create:depot":6,"minecraft:snowball":5,"minecraft:stripped_spruce_log":1,"minecraft:glass":81,"minecraft:spruce_boat":1,"minecraft:lava_bucket":2,"farmersdelight:tomato":11,"minecraft:iron_helmet":3,"minecraft:magma_block":1,"minecraft:bow":1,"create:shaft":26,"minecraft:hay_block":11,"minecraft:oak_sapling":37,"minecraft:sweet_berries":46,"minecraft:furnace":5,"minecraft:cooked_cod":1,"minecraft:beetroot_seeds":1,"minecraft:egg":8,"immersive_aircraft:biplane":5,"minecraft:potato":91,"minecraft:diorite":1,"minecraft:oak_planks":115,"aquaculture:atlantic_herring":3,"minecraft:stone_pickaxe":249,"minecraft:wooden_pickaxe":53,"minecraft:composter":2,"minecraft:sand":34,"minecraft:golden_hoe":32,"astikorcarts:plow":10,"minecraft:blast_furnace":1,"cfm:oak_kitchen_counter":1,"minecraft:heavy_weighted_pressure_plate":2,"minecraft:bread":33,"minecraft:gravel":2,"aquaculture:gar":1,"minecraft:diamond_sword":16,"minecraft:nether_wart_block":9,"create:basin":5,"aquaculture:smallmouth_bass":1,"minecraft:andesite":4,"immersive_aircraft:gyrodyne":6,"minecraft:oak_fence":75,"create:large_cogwheel":15,"create:vertical_gearbox":5,"minecraft:golden_pickaxe":32,"minecraft:bone_meal":52,"aquaculture:pink_salmon":1,"create:framed_glass":1,"minecraft:stone_sword":151,"minecraft:dried_kelp":5,"minecraft:spruce_planks":9,"astikorcarts:animal_cart":8,"minecraft:cooked_salmon":4,"minecraft:cooked_chicken":1,"minecraft:netherrack":591,"minecraft:torch":80,"minecraft:dirt":1668,"create:mechanical_mixer":4,"minecraft:cobblestone_wall":1,"minecraft:oak_wood":48,"minecraft:spruce_fence":1,"minecraft:oak_fence_gate":5,"aquaculture:red_grouper":2,"create:chute":10,"minecraft:iron_hoe":192,"minecraft:wooden_axe":45,"aquaculture:iron_fishing_rod":49,"create:gearbox":9,"quark:spruce_chest":2,"create:wrench":15,"minecraft:iron_axe":558,"minecraft:beef":2,"minecraft:cooked_beef":12,"minecraft:cobbled_deepslate":64,"minecraft:pumpkin":1,"farmersdelight:fried_egg":6,"minecraft:wheat_seeds":178,"minecraft:cooked_mutton":13,"minecraft:water_bucket":115,"farmersdelight:skillet":12,"create:empty_blaze_burner":2,"minecraft:baked_potato":125,"minecraft:brown_mushroom":1,"minecraft:stonecutter":1,"create:framed_glass_trapdoor":3,"create:encased_fan":7,"minecraft:crafting_table":12,"create:mechanical_harvester":5,"minecraft:white_bed":9,"minecraft:cod":4,"minecraft:oak_log":7,"aquaculture:pollock":1,"minecraft:wooden_hoe":48,"minecraft:diamond_pickaxe":1830,"minecraft:apple":3,"aquaculture:carp":2,"create:mechanical_press":2,"minecraft:iron_pickaxe":585,"create:water_wheel":32,"minecraft:stone_axe":373,"minecraft:cobblestone":129,"minecraft:cherry_stairs":1,"minecraft:porkchop":7,"minecraft:cooked_porkchop":7,"minecraft:bucket":116,"minecraft:glass_pane":7,"quark:oak_chest":5,"create:hand_crank":6,"minecraft:stripped_oak_log":23,"minecraft:kelp":73,"minecraft:dandelion":1},"minecraft:broken":{"minecraft:iron_shovel":11,"minecraft:iron_boots":1,"minecraft:iron_leggings":1,"minecraft:stone_pickaxe":2,"minecraft:diamond_pickaxe":1,"minecraft:stone_axe":3,"minecraft:wooden_axe":1,"minecraft:bow":1,"minecraft:golden_hoe":1,"minecraft:stone_sword":1,"minecraft:wooden_pickaxe":1,"minecraft:iron_axe":2,"minecraft:iron_pickaxe":2,"minecraft:golden_pickaxe":1},"minecraft:picked_up":{"minecraft:iron_chestplate":2,"minecraft:wheat":256,"minecraft:lead":7,"minecraft:diamond_sword":1,"quark:hollow_oak_log":3,"minecraft:string":10,"aquaculture:muskellunge":1,"minecraft:soul_soil":24,"minecraft:raw_copper":73,"minecraft:iron_leggings":2,"minecraft:pufferfish":1,"create:water_wheel":25,"minecraft:smooth_stone":1,"create:mechanical_press":1,"minecraft:gold_nugget":63,"minecraft:cobbled_deepslate":121,"minecraft:spruce_planks":21,"minecraft:calcite":17,"minecraft:iron_pickaxe":1,"minecraft:iron_boots":2,"minecraft:furnace":3,"minecraft:stick":82,"create:mechanical_mixer":5,"minecraft:composter":2,"minecraft:oak_fence":17,"minecraft:torch":36,"create:andesite_casing":26,"quark:blossom_log":48,"minecraft:porkchop":22,"astikorcarts:animal_cart":8,"minecraft:cherry_log":75,"minecraft:diorite":83,"create:framed_glass":30,"minecraft:golden_chestplate":1,"create:large_cogwheel":9,"minecraft:stone_sword":1,"quark:clear_shard":31,"minecraft:rotten_flesh":54,"create:scoria":22,"minecraft:obsidian":1,"minecraft:cod":8,"minecraft:snowball":13,"minecraft:cobblestone":421,"minecraft:pink_petals":14,"minecraft:magma_block":2,"aquaculture:fish_bones":2,"minecraft:feather":8,"minecraft:cooked_beef":9,"minecraft:cherry_planks":27,"minecraft:water_bucket":1,"minecraft:andesite":479,"minecraft:potato":108,"minecraft:flint":1,"minecraft:tuff":33,"create:raw_zinc":25,"farmersdelight:tomato":30,"minecraft:lapis_lazuli":117,"minecraft:dirt":2797,"minecraft:name_tag":1,"minecraft:glass":64,"minecraft:bone":7,"minecraft:bow":1,"minecraft:stonecutter":1,"minecraft:wheat_seeds":405,"minecraft:raw_gold":3,"create:shaft":19,"minecraft:oak_planks":110,"aquaculture:atlantic_herring":3,"astikorcarts:supply_cart":2,"aquaculture:gar":1,"minecraft:cooked_porkchop":1,"create:cogwheel":14,"create:empty_blaze_burner":3,"minecraft:sand":239,"minecraft:ink_sac":2,"minecraft:stripped_spruce_log":1,"sophisticatedbackpacks:iron_backpack":2,"minecraft:dark_prismarine":2,"minecraft:spruce_boat":1,"minecraft:cracked_polished_blackstone_bricks":44,"minecraft:bone_meal":2,"minecraft:golden_apple":1,"minecraft:bread":39,"astikorcarts:plow":6,"minecraft:oak_sapling":54,"minecraft:netherrack":2317,"minecraft:bricks":2,"minecraft:diamond_pickaxe":2,"minecraft:fishing_rod":1,"minecraft:crafting_table":6,"minecraft:azure_bluet":3,"minecraft:chicken":6,"minecraft:ladder":3,"minecraft:brown_mushroom":1,"gravestone:obituary":6,"minecraft:heavy_weighted_pressure_plate":1,"minecraft:cornflower":1,"minecraft:moss_carpet":6,"immersive_aircraft:biplane":5,"minecraft:iron_shovel":12,"create:chute":11,"aquaculture:pink_salmon":1,"minecraft:blackstone":24,"minecraft:glass_pane":9,"quark:spruce_chest":1,"aquaculture:bluegill":2,"minecraft:beef":34,"create:basin":6,"minecraft:iron_nugget":5,"minecraft:poppy":1,"minecraft:sugar_cane":48,"minecraft:egg":21,"minecraft:raw_iron":6,"minecraft:sandstone":9,"minecraft:cherry_stairs":1,"minecraft:copper_ingot":64,"create:golden_sheet":4,"sophisticatedbackpacks:backpack":2,"aquaculture:perch":3,"minecraft:polished_blackstone_bricks":49,"create:hand_crank":4,"minecraft:carrot":68,"minecraft:redstone":86,"create:zinc_ingot":1,"create:vertical_gearbox":1,"minecraft:weeping_vines":4,"minecraft:arrow":11,"minecraft:beetroot_seeds":1,"aquaculture:brown_trout":1,"minecraft:hay_block":11,"create:depot":5,"aquaculture:carp":2,"minecraft:gold_ingot":1,"minecraft:mutton":26,"minecraft:white_wool":14,"minecraft:stripped_oak_log":39,"create:iron_sheet":13,"minecraft:basalt":14,"minecraft:dark_oak_button":1,"minecraft:glow_ink_sac":3,"minecraft:tripwire_hook":1,"minecraft:crimson_stem":18,"minecraft:salmon":4,"minecraft:leather":15,"create:oak_window":4,"minecraft:crimson_fungus":2,"minecraft:oak_log":344,"create:andesite_alloy":2,"minecraft:golden_boots":1,"minecraft:cobblestone_wall":1,"minecraft:nether_wart_block":10,"minecraft:gunpowder":4,"farmersdelight:skillet":1,"immersive_aircraft:gyrodyne":9,"minecraft:wooden_hoe":1,"minecraft:white_banner":1,"minecraft:apple":3,"minecraft:kelp":312,"quark:glow_shroom":16,"minecraft:iron_ingot":91,"minecraft:oak_fence_gate":4,"minecraft:stone_pickaxe":1,"aquaculture:pollock":1,"minecraft:iron_sword":1,"minecraft:soul_sand":14,"aquaculture:smallmouth_bass":1,"minecraft:smooth_basalt":15,"create:mechanical_bearing":5,"minecraft:pumpkin":7,"minecraft:sweet_berries":31,"minecraft:quartz":61,"minecraft:dandelion":15,"minecraft:gravel":26,"aquaculture:red_grouper":2,"minecraft:spruce_sapling":8,"astikorcarts:wheel":6,"minecraft:blast_furnace":1,"minecraft:white_bed":7,"minecraft:spruce_log":30,"quark:oak_chest":1,"minecraft:spider_eye":4,"create:gearbox":5,"minecraft:oak_wood":12,"create:encased_fan":5,"minecraft:iron_helmet":9,"minecraft:painting":2,"minecraft:gray_wool":1,"create:portable_storage_interface":5,"minecraft:baked_potato":47,"minecraft:black_wool":1,"minecraft:coal":67}},"DataVersion":3465}