{"stats":{"minecraft:dropped":{"minecraft:wheat_seeds":5,"minecraft:cooked_porkchop":1,"minecraft:dark_oak_button":1,"minecraft:stick":1,"minecraft:gray_wool":1,"minecraft:torch":2,"minecraft:iron_leggings":1,"gravestone:obituary":7,"minecraft:stonecutter":1,"minecraft:string":3,"minecraft:pink_petals":14,"minecraft:spruce_sapling":4,"minecraft:stone_sword":1,"minecraft:rotten_flesh":13,"minecraft:oak_planks":200,"minecraft:iron_boots":1,"sophisticatedbackpacks:backpack":2,"minecraft:cooked_mutton":6,"minecraft:white_bed":1,"minecraft:blast_furnace":1,"minecraft:potato":2,"minecraft:gunpowder":2,"minecraft:iron_chestplate":1,"minecraft:oak_sapling":6,"minecraft:ladder":3,"minecraft:spider_eye":1},"minecraft:picked_up":{"minecraft:fishing_rod":1,"minecraft:iron_chestplate":2,"minecraft:crafting_table":5,"minecraft:wheat":9,"minecraft:chicken":5,"minecraft:ladder":3,"minecraft:lead":1,"quark:hollow_oak_log":3,"gravestone:obituary":2,"minecraft:cornflower":1,"minecraft:string":10,"minecraft:moss_carpet":6,"minecraft:raw_copper":66,"immersive_aircraft:biplane":5,"minecraft:iron_leggings":2,"minecraft:pufferfish":1,"minecraft:cobbled_deepslate":92,"quark:spruce_chest":1,"minecraft:smooth_stone":1,"aquaculture:bluegill":1,"minecraft:spruce_planks":21,"minecraft:beef":17,"minecraft:calcite":17,"minecraft:iron_pickaxe":1,"minecraft:sugar_cane":12,"minecraft:furnace":1,"minecraft:iron_boots":2,"minecraft:egg":5,"minecraft:stick":17,"minecraft:raw_iron":6,"minecraft:sandstone":3,"minecraft:composter":2,"minecraft:oak_fence":6,"minecraft:torch":26,"sophisticatedbackpacks:backpack":2,"aquaculture:perch":2,"quark:blossom_log":48,"minecraft:porkchop":19,"minecraft:cherry_log":41,"minecraft:diorite":83,"minecraft:carrot":4,"minecraft:redstone":86,"minecraft:stone_sword":1,"minecraft:arrow":7,"minecraft:rotten_flesh":38,"minecraft:beetroot_seeds":1,"minecraft:hay_block":11,"minecraft:obsidian":1,"minecraft:mutton":26,"minecraft:cod":5,"minecraft:snowball":13,"minecraft:white_wool":14,"minecraft:cobblestone":323,"minecraft:stripped_oak_log":15,"minecraft:pink_petals":14,"minecraft:magma_block":2,"minecraft:cooked_beef":5,"aquaculture:fish_bones":2,"minecraft:feather":5,"minecraft:dark_oak_button":1,"minecraft:glow_ink_sac":3,"minecraft:tripwire_hook":1,"minecraft:salmon":3,"minecraft:andesite":3,"minecraft:leather":8,"minecraft:potato":5,"minecraft:tuff":33,"create:raw_zinc":25,"minecraft:oak_log":258,"minecraft:cobblestone_wall":1,"minecraft:gunpowder":4,"immersive_aircraft:gyrodyne":1,"minecraft:lapis_lazuli":117,"minecraft:dirt":1284,"minecraft:white_banner":1,"minecraft:name_tag":1,"minecraft:bone":7,"minecraft:apple":2,"minecraft:bow":1,"minecraft:stonecutter":1,"minecraft:wheat_seeds":33,"minecraft:raw_gold":3,"minecraft:oak_fence_gate":1,"quark:glow_shroom":11,"aquaculture:atlantic_herring":1,"minecraft:oak_planks":27,"aquaculture:smallmouth_bass":1,"minecraft:cooked_porkchop":1,"minecraft:pumpkin":7,"minecraft:sweet_berries":31,"minecraft:dandelion":1,"minecraft:gravel":19,"minecraft:sand":37,"aquaculture:red_grouper":2,"minecraft:stripped_spruce_log":1,"minecraft:spruce_sapling":8,"sophisticatedbackpacks:iron_backpack":1,"minecraft:blast_furnace":1,"minecraft:white_bed":7,"minecraft:spruce_log":30,"minecraft:spider_eye":4,"minecraft:dark_prismarine":2,"minecraft:spruce_boat":1,"minecraft:bone_meal":1,"minecraft:golden_apple":1,"minecraft:gray_wool":1,"minecraft:bread":5,"minecraft:oak_sapling":21,"minecraft:black_wool":1,"minecraft:bricks":2,"minecraft:coal":65},"minecraft:used":{"minecraft:oak_fence":6,"minecraft:stone_sword":151,"minecraft:iron_shovel":1302,"minecraft:spruce_planks":9,"minecraft:stone":2,"minecraft:iron_sword":103,"minecraft:cooked_salmon":4,"minecraft:torch":60,"minecraft:dirt":795,"minecraft:mutton":1,"minecraft:cobblestone_wall":1,"minecraft:carrot":5,"minecraft:spruce_fence":1,"minecraft:snowball":5,"aquaculture:red_grouper":2,"minecraft:stripped_spruce_log":1,"minecraft:spruce_boat":1,"minecraft:wooden_axe":45,"aquaculture:iron_fishing_rod":28,"quark:spruce_chest":2,"minecraft:iron_axe":167,"minecraft:cooked_cod":1,"minecraft:magma_block":1,"minecraft:bow":1,"minecraft:beef":2,"minecraft:hay_block":11,"minecraft:sweet_berries":46,"minecraft:oak_sapling":11,"minecraft:furnace":2,"minecraft:beetroot_seeds":1,"minecraft:potato":4,"immersive_aircraft:biplane":5,"minecraft:cooked_beef":8,"minecraft:cobbled_deepslate":4,"minecraft:pumpkin":1,"farmersdelight:fried_egg":5,"minecraft:cooked_mutton":13,"minecraft:wheat_seeds":12,"minecraft:diorite":1,"aquaculture:atlantic_herring":1,"minecraft:stone_pickaxe":137,"minecraft:oak_planks":45,"minecraft:wooden_pickaxe":53,"minecraft:composter":2,"minecraft:stonecutter":1,"minecraft:crafting_table":8,"minecraft:blast_furnace":1,"minecraft:cod":2,"minecraft:white_bed":9,"cfm:oak_kitchen_counter":1,"minecraft:wooden_hoe":13,"minecraft:bread":9,"minecraft:iron_pickaxe":490,"minecraft:gravel":1,"minecraft:stone_axe":373,"minecraft:cobblestone":40,"minecraft:porkchop":4,"minecraft:cooked_porkchop":7,"immersive_aircraft:gyrodyne":1,"minecraft:dandelion":1},"minecraft:mined":{"create:zinc_ore":11,"minecraft:dark_prismarine":2,"create:deepslate_zinc_ore":14,"minecraft:tuff":24,"minecraft:spruce_planks":16,"minecraft:white_bed":6,"quark:yellow_blossom_leaves":5,"minecraft:deepslate_diamond_ore":1,"minecraft:cherry_log":40,"minecraft:glow_lichen":2,"gravestone:gravestone":7,"minecraft:grass_block":397,"minecraft:spruce_leaves":7,"minecraft:composter":2,"minecraft:sandstone":3,"minecraft:large_fern":4,"minecraft:hay_block":11,"minecraft:smooth_stone":1,"minecraft:magma_block":2,"minecraft:carrots":2,"minecraft:furnace":1,"minecraft:iron_ore":1,"minecraft:andesite":3,"minecraft:moss_carpet":4,"minecraft:stripped_spruce_log":1,"minecraft:pumpkin":7,"minecraft:deepslate_lapis_ore":12,"minecraft:potatoes":2,"minecraft:deepslate_iron_ore":3,"minecraft:stripped_oak_log":15,"minecraft:packed_ice":5,"minecraft:stone":239,"minecraft:deepslate_redstone_ore":20,"minecraft:crafting_table":6,"minecraft:torch":12,"minecraft:blast_furnace":1,"diagonalfences:minecraft/oak_fence":6,"minecraft:calcite":19,"quark:blossom_log":48,"minecraft:copper_ore":19,"minecraft:tall_grass":21,"minecraft:cobblestone":3,"quark:glow_shroom_block":3,"minecraft:deepslate_gold_ore":3,"minecraft:lapis_ore":4,"minecraft:oak_planks":20,"minecraft:sugar_cane":3,"minecraft:bricks":2,"minecraft:diorite":83,"minecraft:pink_petals":3,"minecraft:cobblestone_wall":1,"minecraft:wheat":10,"minecraft:sweet_berry_bush":13,"minecraft:lilac":1,"minecraft:spruce_log":30,"quark:glow_shroom":9,"minecraft:grass":117,"minecraft:coal_ore":65,"minecraft:oak_log":257,"minecraft:oak_fence_gate":1,"quark:spruce_chest":1,"minecraft:gravel":2,"minecraft:sand":26,"minecraft:dirt":934,"quark:hollow_oak_log":3,"minecraft:oak_leaves":50,"minecraft:deepslate":113,"minecraft:fern":4},"minecraft:broken":{"minecraft:iron_shovel":5,"minecraft:stone_sword":1,"minecraft:wooden_pickaxe":1,"minecraft:stone_pickaxe":1,"minecraft:stone_axe":3,"minecraft:iron_pickaxe":1,"minecraft:wooden_axe":1,"minecraft:bow":1},"minecraft:killed_by":{"minecraft:creeper":1,"minecraft:spider":2,"minecraft:skeleton":1},"minecraft:crafted":{"minecraft:oak_planks":578,"minecraft:cooked_chicken":1,"minecraft:furnace":2,"minecraft:stone":20,"minecraft:bone_meal":12,"minecraft:spruce_fence":3,"minecraft:cooked_mutton":20,"minecraft:glass":64,"minecraft:iron_axe":1,"minecraft:stone_pickaxe":2,"minecraft:cobblestone_wall":1,"cfm:oak_kitchen_counter":8,"quark:spruce_chest":1,"minecraft:oak_fence":3,"minecraft:cooked_beef":7,"minecraft:cooked_cod":1,"quark:blossom_planks":4,"minecraft:cooked_porkchop":7,"minecraft:crafting_table":4,"minecraft:spruce_planks":118,"minecraft:wooden_pickaxe":1,"minecraft:iron_sword":1,"minecraft:cooked_salmon":4,"minecraft:copper_ingot":67,"minecraft:stone_axe":3,"minecraft:bread":4,"minecraft:air":0,"minecraft:oak_fence_gate":1,"farmersdelight:fried_egg":6,"minecraft:wooden_hoe":1,"minecraft:stick":24,"minecraft:iron_ingot":25,"minecraft:iron_pickaxe":1,"minecraft:wooden_axe":1,"minecraft:stone_sword":1,"minecraft:iron_shovel":6,"aquaculture:iron_fishing_rod":1,"minecraft:white_bed":3,"minecraft:torch":36,"create:zinc_ingot":25},"minecraft:killed":{"aquaculture:red_grouper":2,"minecraft:spider":11,"minecraft:skeleton":2,"minecraft:bee":6,"minecraft:chicken":5,"aquaculture:atlantic_herring":1,"minecraft:drowned":3,"minecraft:pig":11,"minecraft:creeper":2,"minecraft:sheep":15,"minecraft:pillager":3,"minecraft:zombie":15,"minecraft:villager":1,"minecraft:cow":7},"minecraft:custom":{"minecraft:mob_kills":86,"minecraft:interact_with_crafting_table":55,"minecraft:leave_game":5,"minecraft:time_since_death":1422,"minecraft:climb_one_cm":25670,"minecraft:sprint_one_cm":518379,"minecraft:walk_one_cm":1429762,"minecraft:drop":40,"minecraft:talked_to_villager":20,"minecraft:play_time":424915,"minecraft:sneak_time":6878,"minecraft:deaths":7,"minecraft:walk_under_water_one_cm":72182,"minecraft:boat_one_cm":103110,"minecraft:jump":6352,"minecraft:interact_with_blast_furnace":6,"minecraft:walk_on_water_one_cm":97858,"minecraft:total_world_time":424915,"minecraft:interact_with_furnace":102,"minecraft:raid_trigger":1,"minecraft:interact_with_stonecutter":5,"minecraft:sleep_in_bed":15,"minecraft:time_since_rest":660,"minecraft:damage_taken":3926,"minecraft:damage_dealt":10929,"minecraft:swim_one_cm":188,"minecraft:fly_one_cm":942175,"minecraft:open_chest":132,"minecraft:crouch_one_cm":15079,"minecraft:fish_caught":13,"minecraft:fall_one_cm":95969,"minecraft:horse_one_cm":9928}},"DataVersion":3465}