{"stats":{"minecraft:dropped":{"quark:glow_shroom":5,"minecraft:cooked_porkchop":1,"minecraft:dark_oak_button":1,"minecraft:dirt":256,"create:oak_window":4,"gravestone:obituary":10,"minecraft:wheat":21,"minecraft:rotten_flesh":16,"minecraft:oak_planks":200,"minecraft:cooked_mutton":6,"minecraft:azure_bluet":2,"minecraft:white_bed":1,"minecraft:poppy":1,"minecraft:gunpowder":2,"minecraft:ladder":3,"minecraft:bread":7,"aquaculture:fish_bones":1,"minecraft:wheat_seeds":76,"minecraft:stick":1,"minecraft:gray_wool":1,"minecraft:diorite":5,"minecraft:wooden_hoe":1,"minecraft:torch":2,"minecraft:iron_leggings":1,"minecraft:stonecutter":1,"minecraft:string":3,"minecraft:pink_petals":14,"minecraft:spruce_sapling":4,"minecraft:dandelion":6,"minecraft:stone_sword":1,"minecraft:cobblestone_wall":1,"minecraft:iron_boots":1,"sophisticatedbackpacks:backpack":2,"minecraft:blast_furnace":1,"minecraft:potato":2,"minecraft:spruce_planks":5,"minecraft:iron_chestplate":1,"minecraft:oak_sapling":6,"minecraft:spider_eye":1},"minecraft:picked_up":{"minecraft:iron_chestplate":2,"minecraft:wheat":55,"minecraft:lead":1,"quark:hollow_oak_log":3,"minecraft:string":10,"minecraft:raw_copper":66,"minecraft:iron_leggings":2,"minecraft:pufferfish":1,"minecraft:cobbled_deepslate":92,"minecraft:smooth_stone":1,"minecraft:spruce_planks":21,"minecraft:calcite":17,"minecraft:iron_pickaxe":1,"minecraft:iron_boots":2,"minecraft:furnace":1,"minecraft:stick":23,"minecraft:composter":2,"minecraft:oak_fence":6,"minecraft:torch":29,"quark:blossom_log":48,"minecraft:porkchop":19,"minecraft:cherry_log":75,"minecraft:diorite":83,"create:framed_glass":30,"minecraft:stone_sword":1,"minecraft:rotten_flesh":41,"minecraft:obsidian":1,"minecraft:cod":7,"minecraft:snowball":13,"minecraft:cobblestone":323,"minecraft:pink_petals":14,"minecraft:magma_block":2,"aquaculture:fish_bones":2,"minecraft:feather":5,"minecraft:cooked_beef":9,"minecraft:andesite":3,"minecraft:potato":5,"minecraft:tuff":33,"create:raw_zinc":25,"minecraft:lapis_lazuli":117,"farmersdelight:tomato":30,"minecraft:dirt":2240,"minecraft:name_tag":1,"minecraft:glass":63,"minecraft:bone":7,"minecraft:stonecutter":1,"minecraft:bow":1,"minecraft:wheat_seeds":132,"minecraft:raw_gold":3,"minecraft:oak_planks":50,"aquaculture:atlantic_herring":3,"aquaculture:gar":1,"minecraft:cooked_porkchop":1,"minecraft:sand":38,"minecraft:stripped_spruce_log":1,"sophisticatedbackpacks:iron_backpack":1,"minecraft:dark_prismarine":2,"minecraft:spruce_boat":1,"minecraft:bone_meal":1,"minecraft:golden_apple":1,"minecraft:bread":14,"minecraft:oak_sapling":30,"minecraft:bricks":2,"minecraft:fishing_rod":1,"minecraft:crafting_table":5,"minecraft:azure_bluet":2,"minecraft:chicken":5,"minecraft:ladder":3,"minecraft:brown_mushroom":1,"gravestone:obituary":2,"minecraft:cornflower":1,"minecraft:moss_carpet":6,"immersive_aircraft:biplane":5,"aquaculture:pink_salmon":1,"quark:spruce_chest":1,"aquaculture:bluegill":2,"minecraft:beef":17,"minecraft:poppy":1,"minecraft:sugar_cane":12,"minecraft:egg":5,"minecraft:raw_iron":6,"minecraft:sandstone":3,"sophisticatedbackpacks:backpack":2,"aquaculture:perch":2,"minecraft:carrot":29,"minecraft:redstone":86,"minecraft:arrow":7,"minecraft:beetroot_seeds":1,"minecraft:hay_block":11,"minecraft:mutton":26,"minecraft:white_wool":14,"minecraft:stripped_oak_log":15,"minecraft:dark_oak_button":1,"minecraft:tripwire_hook":1,"minecraft:glow_ink_sac":3,"minecraft:salmon":3,"minecraft:leather":8,"create:oak_window":4,"minecraft:oak_log":258,"minecraft:gunpowder":4,"minecraft:cobblestone_wall":1,"immersive_aircraft:gyrodyne":3,"minecraft:wooden_hoe":1,"minecraft:white_banner":1,"minecraft:apple":2,"quark:glow_shroom":16,"minecraft:oak_fence_gate":1,"minecraft:stone_pickaxe":1,"aquaculture:pollock":1,"aquaculture:smallmouth_bass":1,"minecraft:sweet_berries":31,"minecraft:pumpkin":7,"minecraft:dandelion":7,"minecraft:gravel":19,"aquaculture:red_grouper":2,"minecraft:spruce_sapling":8,"minecraft:blast_furnace":1,"minecraft:white_bed":7,"minecraft:spruce_log":30,"minecraft:spider_eye":4,"minecraft:oak_wood":12,"minecraft:gray_wool":1,"minecraft:black_wool":1,"minecraft:coal":65},"minecraft:used":{"minecraft:iron_shovel":2311,"minecraft:stone":2,"minecraft:iron_sword":127,"create:tiled_glass":32,"create:oak_window":4,"aquaculture:bluegill":1,"minecraft:mutton":1,"minecraft:carrot":19,"minecraft:snowball":5,"minecraft:stripped_spruce_log":1,"minecraft:spruce_boat":1,"minecraft:magma_block":1,"minecraft:bow":1,"minecraft:hay_block":11,"minecraft:sweet_berries":46,"minecraft:furnace":2,"minecraft:oak_sapling":18,"minecraft:cooked_cod":1,"minecraft:beetroot_seeds":1,"immersive_aircraft:biplane":5,"minecraft:potato":4,"minecraft:diorite":1,"aquaculture:atlantic_herring":3,"minecraft:stone_pickaxe":137,"minecraft:oak_planks":70,"minecraft:wooden_pickaxe":53,"minecraft:composter":2,"minecraft:sand":27,"minecraft:blast_furnace":1,"cfm:oak_kitchen_counter":1,"minecraft:bread":11,"minecraft:gravel":1,"aquaculture:gar":1,"aquaculture:smallmouth_bass":1,"immersive_aircraft:gyrodyne":3,"aquaculture:pink_salmon":1,"minecraft:oak_fence":6,"minecraft:stone_sword":151,"minecraft:spruce_planks":9,"minecraft:cooked_salmon":4,"minecraft:torch":63,"minecraft:dirt":1013,"minecraft:cobblestone_wall":1,"minecraft:oak_wood":48,"minecraft:spruce_fence":1,"aquaculture:red_grouper":2,"minecraft:wooden_axe":45,"aquaculture:iron_fishing_rod":32,"quark:spruce_chest":2,"minecraft:iron_axe":242,"minecraft:beef":2,"minecraft:cooked_beef":12,"minecraft:cobbled_deepslate":4,"minecraft:pumpkin":1,"farmersdelight:fried_egg":6,"minecraft:wheat_seeds":44,"minecraft:cooked_mutton":13,"minecraft:water_bucket":15,"minecraft:brown_mushroom":1,"minecraft:stonecutter":1,"minecraft:crafting_table":8,"minecraft:white_bed":9,"minecraft:cod":4,"minecraft:wooden_hoe":48,"minecraft:apple":2,"aquaculture:pollock":1,"minecraft:iron_pickaxe":490,"minecraft:stone_axe":373,"minecraft:cobblestone":40,"minecraft:cooked_porkchop":7,"minecraft:porkchop":4,"minecraft:bucket":16,"minecraft:dandelion":1},"minecraft:mined":{"create:deepslate_zinc_ore":14,"minecraft:spruce_planks":16,"minecraft:white_bed":6,"quark:yellow_blossom_leaves":5,"minecraft:cherry_log":75,"minecraft:grass_block":986,"minecraft:composter":2,"minecraft:smooth_stone":1,"minecraft:tall_seagrass":6,"minecraft:magma_block":2,"minecraft:iron_ore":1,"minecraft:pumpkin":7,"minecraft:moss_carpet":4,"minecraft:deepslate_lapis_ore":12,"minecraft:dirt_path":3,"minecraft:deepslate_redstone_ore":20,"minecraft:brown_mushroom":3,"minecraft:torch":12,"diagonalfences:minecraft/oak_fence":6,"minecraft:blast_furnace":1,"minecraft:calcite":19,"quark:blossom_log":48,"minecraft:cobblestone":3,"minecraft:sugar_cane":3,"minecraft:oak_planks":45,"minecraft:bricks":2,"minecraft:wall_torch":3,"minecraft:pink_petals":3,"minecraft:seagrass":2,"minecraft:wheat":10,"minecraft:lilac":1,"quark:glow_shroom":9,"minecraft:grass":141,"minecraft:oak_log":257,"minecraft:oak_fence_gate":1,"minecraft:sand":27,"minecraft:dirt":1302,"quark:hollow_oak_log":3,"minecraft:oak_leaves":89,"minecraft:deepslate":113,"create:zinc_ore":11,"minecraft:dark_prismarine":2,"minecraft:tuff":24,"minecraft:deepslate_diamond_ore":1,"minecraft:glow_lichen":2,"gravestone:gravestone":10,"minecraft:spruce_leaves":7,"minecraft:sandstone":3,"minecraft:large_fern":4,"minecraft:hay_block":11,"minecraft:furnace":1,"minecraft:carrots":2,"minecraft:andesite":3,"minecraft:stripped_spruce_log":1,"minecraft:potatoes":2,"minecraft:deepslate_iron_ore":3,"minecraft:stripped_oak_log":15,"minecraft:packed_ice":5,"minecraft:stone":239,"minecraft:dandelion":1,"minecraft:crafting_table":6,"minecraft:oak_wood":12,"quark:glow_shroom_block":3,"minecraft:tall_grass":21,"minecraft:copper_ore":19,"minecraft:lapis_ore":4,"minecraft:deepslate_gold_ore":3,"minecraft:diorite":83,"minecraft:cobblestone_wall":1,"minecraft:sweet_berry_bush":13,"minecraft:ice":1,"minecraft:spruce_log":30,"minecraft:coal_ore":65,"minecraft:cherry_leaves":1,"quark:spruce_chest":1,"minecraft:gravel":2,"minecraft:fern":4},"minecraft:broken":{"minecraft:iron_shovel":8,"minecraft:stone_pickaxe":1,"minecraft:stone_axe":3,"minecraft:wooden_axe":1,"minecraft:bow":1,"minecraft:stone_sword":1,"minecraft:wooden_pickaxe":1,"minecraft:iron_pickaxe":1},"minecraft:killed_by":{"minecraft:creeper":2,"minecraft:zombie":1,"minecraft:spider":2,"minecraft:skeleton":1},"minecraft:crafted":{"create:tiled_glass":24,"minecraft:oak_planks":578,"minecraft:cooked_chicken":1,"minecraft:stone":63,"minecraft:cooked_mutton":20,"minecraft:glass":64,"cfm:oak_kitchen_counter":8,"minecraft:oak_fence":3,"quark:blossom_planks":4,"minecraft:cooked_porkchop":7,"minecraft:crafting_table":4,"minecraft:spruce_planks":118,"minecraft:wooden_pickaxe":1,"minecraft:copper_ingot":67,"minecraft:oak_wood":36,"farmersdelight:fried_egg":6,"minecraft:wooden_hoe":1,"create:framed_glass":2,"minecraft:stick":28,"minecraft:iron_ingot":25,"minecraft:iron_pickaxe":1,"minecraft:stone_sword":1,"aquaculture:iron_fishing_rod":1,"minecraft:furnace":2,"minecraft:bone_meal":12,"minecraft:spruce_fence":3,"create:oak_window":4,"minecraft:iron_axe":1,"minecraft:stone_pickaxe":2,"minecraft:cobblestone_wall":1,"quark:spruce_chest":1,"minecraft:cooked_beef":7,"minecraft:cooked_cod":1,"minecraft:iron_sword":1,"minecraft:cooked_salmon":4,"minecraft:bucket":1,"minecraft:stone_axe":3,"minecraft:bread":13,"minecraft:air":0,"minecraft:oak_fence_gate":1,"minecraft:wooden_axe":1,"minecraft:iron_shovel":10,"minecraft:white_bed":3,"minecraft:torch":36,"create:zinc_ingot":25},"minecraft:killed":{"aquaculture:red_grouper":2,"minecraft:spider":14,"minecraft:skeleton":2,"minecraft:bee":6,"minecraft:chicken":5,"aquaculture:atlantic_herring":3,"minecraft:pig":11,"minecraft:creeper":3,"minecraft:sheep":15,"minecraft:pillager":3,"minecraft:zombie":19,"minecraft:cow":7,"aquaculture:pink_salmon":1,"minecraft:drowned":3,"aquaculture:pollock":1,"minecraft:villager":1},"minecraft:custom":{"minecraft:interact_with_crafting_table":65,"minecraft:leave_game":7,"minecraft:time_since_death":77042,"minecraft:sprint_one_cm":637566,"minecraft:drop":68,"minecraft:talked_to_villager":21,"minecraft:play_time":518952,"minecraft:deaths":10,"minecraft:jump":7374,"minecraft:walk_on_water_one_cm":127340,"minecraft:interact_with_furnace":106,"minecraft:sleep_in_bed":16,"minecraft:damage_dealt":12377,"minecraft:crouch_one_cm":26674,"minecraft:horse_one_cm":9928,"minecraft:mob_kills":98,"minecraft:climb_one_cm":25670,"minecraft:walk_one_cm":1771325,"minecraft:sneak_time":10838,"minecraft:walk_under_water_one_cm":119961,"minecraft:boat_one_cm":169695,"minecraft:interact_with_blast_furnace":6,"minecraft:total_world_time":518952,"minecraft:raid_trigger":1,"minecraft:interact_with_stonecutter":8,"minecraft:time_since_rest":57407,"minecraft:damage_taken":5293,"minecraft:swim_one_cm":188,"minecraft:fly_one_cm":1126541,"minecraft:open_chest":156,"minecraft:fish_caught":16,"minecraft:fall_one_cm":112170}},"DataVersion":3465}