{"stats":{"minecraft:dropped":{"minecraft:torch":1,"aquaculture:minnow":1,"minecraft:iron_bars":1,"minecraft:dandelion":1},"minecraft:custom":{"minecraft:time_since_rest":1209,"minecraft:sprint_one_cm":86341,"minecraft:damage_taken":2110,"minecraft:walk_one_cm":196489,"minecraft:drop":4,"minecraft:damage_dealt":237,"minecraft:fly_one_cm":335326,"minecraft:open_chest":2,"minecraft:crouch_one_cm":460,"minecraft:play_time":61384,"minecraft:deaths":7,"minecraft:sneak_time":1000,"minecraft:walk_under_water_one_cm":2581,"minecraft:jump":600,"minecraft:leave_game":14,"minecraft:walk_on_water_one_cm":707,"minecraft:time_since_death":1178,"minecraft:total_world_time":61384,"minecraft:fish_caught":1,"minecraft:fall_one_cm":16665},"minecraft:picked_up":{"minecraft:azure_bluet":2,"farmersdelight:stuffed_pumpkin_block":1,"minecraft:torch":2,"minecraft:dandelion":6,"minecraft:spruce_fence":1,"minecraft:porkchop":3,"minecraft:sand":1,"minecraft:oak_log":1,"minecraft:cornflower":3,"minecraft:dirt":32,"quark:paper_wall_big":1,"minecraft:wheat_seeds":12,"minecraft:poppy":1,"aquaculture:minnow":3,"minecraft:lectern":1,"farmersdelight:stove":1,"minecraft:iron_bars":2,"minecraft:oxeye_daisy":2,"minecraft:egg":2},"minecraft:used":{"minecraft:oak_log":1,"minecraft:iron_bars":13,"minecraft:oxeye_daisy":2,"minecraft:lectern":1,"farmersdelight:stove":1,"minecraft:torch":1,"quark:paper_wall_big":8,"minecraft:dirt":16,"minecraft:porkchop":2,"aquaculture:gold_fishing_rod":4,"minecraft:egg":2,"minecraft:spruce_fence":15,"minecraft:azure_bluet":1,"farmersdelight:stuffed_pumpkin_block":1},"minecraft:mined":{"minecraft:dandelion":5,"minecraft:cornflower":3,"minecraft:azure_bluet":2,"minecraft:grass":62,"minecraft:grass_block":3,"minecraft:oak_log":1,"minecraft:poppy":1,"minecraft:dirt":5,"minecraft:tall_grass":1,"minecraft:oxeye_daisy":2},"minecraft:killed_by":{"minecraft:zombie":3,"minecraft:pillager":2}},"DataVersion":3465}