{"stats":{"minecraft:dropped":{"minecraft:brown_mushroom":1,"minecraft:wheat_seeds":69,"minecraft:dirt":1,"minecraft:cherry_planks":1,"minecraft:iron_leggings":1,"gravestone:obituary":4,"minecraft:wooden_sword":4,"minecraft:sand":1,"minecraft:iron_pickaxe":1,"minecraft:sweet_berries":1,"minecraft:raw_copper":9,"minecraft:rotten_flesh":26,"minecraft:iron_boots":1,"minecraft:cooked_mutton":4,"minecraft:spruce_planks":55,"minecraft:iron_chestplate":1,"minecraft:spruce_log":2,"minecraft:wooden_pickaxe":1,"minecraft:stone_pickaxe":2,"minecraft:egg":1},"minecraft:picked_up":{"minecraft:iron_chestplate":1,"minecraft:azure_bluet":2,"minecraft:chicken":4,"minecraft:clay_ball":16,"quark:hollow_spruce_log":2,"minecraft:brown_mushroom":1,"minecraft:wooden_pickaxe":1,"minecraft:string":2,"minecraft:raw_copper":81,"minecraft:wooden_sword":4,"minecraft:iron_leggings":1,"minecraft:cobbled_deepslate":511,"minecraft:spruce_planks":117,"minecraft:beef":19,"minecraft:iron_pickaxe":1,"minecraft:iron_boots":1,"minecraft:egg":6,"minecraft:stick":2,"minecraft:raw_iron":24,"minecraft:torch":26,"minecraft:cherry_log":42,"minecraft:diorite":25,"minecraft:carrot":6,"minecraft:redstone":68,"minecraft:arrow":6,"minecraft:rotten_flesh":26,"create:scoria":1,"minecraft:mutton":5,"minecraft:white_wool":3,"minecraft:cobblestone":272,"minecraft:pink_petals":5,"minecraft:feather":2,"minecraft:cherry_planks":6,"minecraft:andesite":16,"minecraft:brown_wool":1,"minecraft:leather":8,"minecraft:potato":1,"minecraft:flint":6,"minecraft:tuff":73,"create:raw_zinc":92,"minecraft:oak_log":92,"minecraft:lapis_lazuli":166,"minecraft:dirt":227,"minecraft:cooked_mutton":7,"minecraft:bone":10,"minecraft:apple":2,"minecraft:bow":1,"minecraft:wheat_seeds":74,"minecraft:raw_gold":23,"quark:glow_shroom":5,"minecraft:stone_pickaxe":2,"minecraft:oak_fence_gate":2,"minecraft:oak_planks":227,"minecraft:pumpkin":3,"minecraft:sweet_berries":62,"minecraft:gravel":100,"minecraft:sand":69,"minecraft:spruce_sapling":1,"sophisticatedbackpacks:iron_backpack":1,"quark:glow_lichen_growth":2,"minecraft:spruce_log":53,"quark:cobblestone_bricks":2,"minecraft:slime_ball":2,"minecraft:diamond":16,"minecraft:granite":2,"minecraft:cherry_sapling":1,"minecraft:terracotta":2,"minecraft:oak_sapling":4,"minecraft:coal":125},"minecraft:used":{"minecraft:cherry_sapling":1,"minecraft:spruce_planks":155,"minecraft:iron_sword":120,"minecraft:wooden_shovel":528,"minecraft:torch":43,"minecraft:dirt":225,"minecraft:carrot":8,"minecraft:granite":2,"minecraft:azure_bluet":2,"minecraft:spruce_boat":1,"minecraft:wooden_axe":171,"quark:deepslate_furnace":2,"quark:spruce_chest":1,"create:scoria":1,"minecraft:bow":4,"minecraft:oak_sapling":4,"minecraft:sweet_berries":69,"quark:hollow_spruce_log":2,"minecraft:furnace":4,"minecraft:egg":4,"minecraft:cooked_beef":18,"minecraft:potato":1,"minecraft:cobbled_deepslate":105,"minecraft:pumpkin":3,"minecraft:golden_axe":13,"minecraft:cooked_mutton":12,"quark:cobblestone_bricks":2,"minecraft:stone_pickaxe":394,"farmersdelight:golden_knife":6,"minecraft:oak_planks":208,"minecraft:wooden_pickaxe":80,"minecraft:cherry_planks":107,"minecraft:sand":4,"minecraft:crafting_table":6,"minecraft:white_bed":1,"minecraft:spruce_log":3,"minecraft:oak_log":5,"minecraft:apple":1,"minecraft:bread":4,"minecraft:iron_pickaxe":823,"minecraft:spruce_sapling":1,"minecraft:stone_axe":130,"minecraft:pink_petals":5,"minecraft:wooden_sword":219,"quark:glow_lichen_growth":2,"minecraft:cobblestone":4,"minecraft:andesite":1,"quark:oak_chest":2,"minecraft:golden_pickaxe":96,"quark:glow_shroom":5},"minecraft:mined":{"create:zinc_ore":15,"create:deepslate_zinc_ore":47,"minecraft:tuff":75,"minecraft:spruce_planks":66,"minecraft:deepslate_diamond_ore":6,"minecraft:cherry_log":42,"minecraft:glow_lichen":5,"gravestone:gravestone":4,"minecraft:granite":2,"quark:glow_shroom_stem":2,"minecraft:grass_block":139,"minecraft:spruce_leaves":14,"quark:glow_lichen_growth":2,"minecraft:large_fern":2,"minecraft:carrots":7,"minecraft:iron_ore":14,"minecraft:cobbled_deepslate":3,"minecraft:andesite":16,"minecraft:pumpkin":3,"minecraft:deepslate_lapis_ore":15,"minecraft:potatoes":1,"minecraft:deepslate_iron_ore":10,"minecraft:packed_ice":20,"minecraft:stone":269,"minecraft:deepslate_redstone_ore":14,"minecraft:brown_mushroom":1,"minecraft:cherry_planks":5,"minecraft:clay":4,"minecraft:torch":13,"quark:cobblestone_bricks":2,"create:scoria":1,"quark:glow_shroom_block":9,"minecraft:tall_grass":30,"minecraft:copper_ore":9,"minecraft:cobblestone":3,"minecraft:lapis_ore":10,"minecraft:deepslate_gold_ore":11,"minecraft:oak_planks":35,"minecraft:diorite":25,"minecraft:wall_torch":11,"minecraft:deepslate_copper_ore":16,"minecraft:pink_petals":1,"minecraft:wheat":5,"minecraft:sweet_berry_bush":34,"minecraft:ice":7,"minecraft:spruce_log":53,"minecraft:bee_nest":1,"quark:glow_shroom":1,"minecraft:grass":405,"minecraft:oak_log":94,"minecraft:coal_ore":114,"minecraft:beetroots":1,"minecraft:cherry_leaves":3,"minecraft:gravel":106,"minecraft:sand":77,"minecraft:dirt":87,"minecraft:terracotta":2,"minecraft:stonecutter":1,"minecraft:gold_ore":4,"minecraft:oak_leaves":13,"minecraft:deepslate":511,"minecraft:fern":1},"minecraft:broken":{"minecraft:wooden_shovel":2,"minecraft:wooden_pickaxe":1,"minecraft:stone_pickaxe":3,"minecraft:wooden_sword":2,"minecraft:stone_axe":1,"minecraft:iron_pickaxe":3,"minecraft:golden_pickaxe":3,"minecraft:wooden_axe":3},"minecraft:killed_by":{"quark:forgotten":1,"minecraft:zombie":1},"minecraft:crafted":{"minecraft:cherry_planks":168,"minecraft:wooden_sword":3,"minecraft:oak_planks":350,"minecraft:furnace":4,"quark:deepslate_furnace":2,"minecraft:cooked_mutton":8,"minecraft:iron_axe":1,"minecraft:spruce_wood":12,"quark:cobblestone_bricks":4,"minecraft:stone_pickaxe":3,"minecraft:spruce_boat":1,"quark:spruce_chest":1,"minecraft:cooked_beef":14,"minecraft:golden_axe":2,"minecraft:wooden_shovel":3,"minecraft:crafting_table":6,"minecraft:spruce_planks":116,"minecraft:wooden_pickaxe":2,"minecraft:iron_sword":1,"minecraft:golden_pickaxe":3,"minecraft:copper_ingot":72,"minecraft:stone_axe":1,"minecraft:bread":5,"farmersdelight:golden_knife":1,"minecraft:stick":96,"quark:oak_chest":2,"minecraft:iron_ingot":23,"minecraft:iron_pickaxe":5,"minecraft:wooden_axe":3,"minecraft:gold_ingot":23,"minecraft:white_bed":1,"minecraft:torch":22,"create:zinc_ingot":68},"minecraft:killed":{"minecraft:spider":1,"minecraft:slime":3,"minecraft:skeleton":6,"minecraft:bee":2,"minecraft:chicken":4,"minecraft:sheep":4,"minecraft:zombie":18,"minecraft:cow":9},"minecraft:custom":{"minecraft:mob_kills":48,"minecraft:interact_with_crafting_table":62,"minecraft:leave_game":8,"minecraft:time_since_death":28111,"minecraft:sprint_one_cm":1032888,"minecraft:walk_one_cm":1063320,"minecraft:drop":124,"minecraft:play_time":325591,"minecraft:deaths":4,"minecraft:sneak_time":17079,"minecraft:walk_under_water_one_cm":20267,"minecraft:boat_one_cm":117150,"minecraft:jump":5322,"minecraft:walk_on_water_one_cm":80310,"minecraft:total_world_time":325591,"minecraft:interact_with_furnace":85,"minecraft:sleep_in_bed":6,"minecraft:time_since_rest":28142,"minecraft:damage_taken":2577,"minecraft:damage_dealt":6996,"minecraft:swim_one_cm":39044,"minecraft:fly_one_cm":876704,"minecraft:open_chest":103,"minecraft:crouch_one_cm":49648,"minecraft:fall_one_cm":88886,"minecraft:horse_one_cm":2288}},"DataVersion":3465}