{"stats":{"minecraft:crafted":{"minecraft:cooked_beef":14,"minecraft:wooden_sword":3,"minecraft:oak_planks":162,"minecraft:wooden_shovel":3,"minecraft:crafting_table":4,"minecraft:spruce_planks":116,"minecraft:wooden_pickaxe":2,"minecraft:furnace":3,"minecraft:stone_axe":1,"minecraft:cooked_mutton":8,"minecraft:spruce_wood":12,"minecraft:stick":96,"quark:cobblestone_bricks":4,"minecraft:stone_pickaxe":1,"minecraft:wooden_axe":2,"minecraft:white_bed":1,"minecraft:spruce_boat":1,"quark:spruce_chest":1},"minecraft:killed_by":{"minecraft:zombie":1},"minecraft:custom":{"minecraft:interact_with_furnace":27,"minecraft:mob_kills":22,"minecraft:interact_with_crafting_table":26,"minecraft:leave_game":3,"minecraft:time_since_death":86826,"minecraft:sleep_in_bed":4,"minecraft:time_since_rest":20076,"minecraft:sprint_one_cm":551248,"minecraft:damage_taken":1120,"minecraft:walk_one_cm":527132,"minecraft:drop":99,"minecraft:damage_dealt":2125,"minecraft:swim_one_cm":18005,"minecraft:fly_one_cm":431264,"minecraft:open_chest":14,"minecraft:crouch_one_cm":16815,"minecraft:play_time":132076,"minecraft:deaths":2,"minecraft:sneak_time":4968,"minecraft:walk_under_water_one_cm":11011,"minecraft:jump":2373,"minecraft:walk_on_water_one_cm":44302,"minecraft:total_world_time":132076,"minecraft:fall_one_cm":42130,"minecraft:horse_one_cm":2288},"minecraft:broken":{"minecraft:wooden_shovel":2,"minecraft:stone_axe":1,"minecraft:wooden_sword":2,"minecraft:wooden_axe":1,"minecraft:wooden_pickaxe":1},"minecraft:picked_up":{"minecraft:pink_petals":5,"minecraft:feather":2,"minecraft:chicken":4,"quark:hollow_spruce_log":2,"minecraft:leather":8,"minecraft:brown_wool":1,"minecraft:brown_mushroom":1,"minecraft:wooden_pickaxe":1,"minecraft:oak_log":78,"minecraft:dirt":193,"minecraft:raw_copper":9,"minecraft:wooden_sword":4,"minecraft:cooked_mutton":7,"minecraft:bone":2,"minecraft:apple":1,"minecraft:wheat_seeds":66,"minecraft:spruce_planks":93,"minecraft:beef":19,"minecraft:stone_pickaxe":1,"minecraft:oak_planks":15,"minecraft:egg":6,"minecraft:sweet_berries":62,"minecraft:sand":4,"minecraft:spruce_sapling":1,"minecraft:spruce_log":53,"quark:cobblestone_bricks":2,"minecraft:arrow":1,"minecraft:rotten_flesh":4,"minecraft:white_wool":3,"minecraft:coal":8,"minecraft:mutton":5,"minecraft:cobblestone":38},"minecraft:used":{"minecraft:cooked_mutton":8,"quark:cobblestone_bricks":2,"minecraft:stone_pickaxe":3,"minecraft:oak_planks":179,"minecraft:spruce_planks":131,"minecraft:wooden_pickaxe":80,"minecraft:wooden_shovel":508,"minecraft:dirt":60,"minecraft:sand":4,"minecraft:crafting_table":4,"minecraft:white_bed":1,"minecraft:spruce_log":3,"minecraft:spruce_boat":1,"minecraft:wooden_axe":51,"quark:spruce_chest":1,"minecraft:spruce_sapling":1,"minecraft:stone_axe":130,"minecraft:pink_petals":5,"minecraft:wooden_sword":202,"minecraft:cobblestone":1,"minecraft:sweet_berries":69,"quark:hollow_spruce_log":2,"minecraft:furnace":3,"minecraft:egg":4,"minecraft:cooked_beef":7},"minecraft:mined":{"minecraft:spruce_planks":42,"minecraft:brown_mushroom":1,"quark:cobblestone_bricks":2,"gravestone:gravestone":2,"minecraft:grass_block":124,"minecraft:copper_ore":3,"minecraft:tall_grass":30,"minecraft:spruce_leaves":14,"minecraft:oak_planks":15,"minecraft:large_fern":2,"minecraft:pink_petals":1,"minecraft:sweet_berry_bush":34,"minecraft:ice":7,"minecraft:spruce_log":53,"minecraft:bee_nest":1,"minecraft:oak_log":80,"minecraft:grass":402,"minecraft:coal_ore":8,"minecraft:sand":4,"minecraft:dirt":68,"minecraft:packed_ice":20,"minecraft:stone":38,"minecraft:oak_leaves":11,"minecraft:fern":1},"minecraft:killed":{"minecraft:sheep":4,"minecraft:zombie":2,"minecraft:bee":2,"minecraft:chicken":4,"minecraft:cow":9},"minecraft:dropped":{"minecraft:sweet_berries":1,"minecraft:brown_mushroom":1,"minecraft:wheat_seeds":66,"minecraft:raw_copper":9,"minecraft:rotten_flesh":4,"minecraft:cooked_mutton":4,"minecraft:dirt":1,"minecraft:spruce_planks":55,"gravestone:obituary":2,"minecraft:wooden_sword":4,"minecraft:spruce_log":2,"minecraft:stone_pickaxe":1,"minecraft:wooden_pickaxe":1,"minecraft:egg":1}},"DataVersion":3465}