{"stats":{"minecraft:dropped":{"minecraft:iron_sword":2,"minecraft:brown_mushroom":1,"minecraft:baked_potato":54,"minecraft:emerald":1,"minecraft:dirt":7,"immersive_aircraft:gyrodyne":1,"gravestone:obituary":6,"minecraft:wooden_sword":4,"minecraft:sand":1,"minecraft:iron_pickaxe":1,"minecraft:bone":9,"minecraft:gravel":1,"minecraft:stone_axe":2,"minecraft:cobbled_deepslate":32,"minecraft:rotten_flesh":72,"minecraft:cooked_mutton":4,"minecraft:beetroot_seeds":2,"minecraft:arrow":6,"minecraft:egg":1,"minecraft:water_bucket":1,"minecraft:iron_ingot":71,"minecraft:bread":26,"minecraft:wheat_seeds":260,"minecraft:poisonous_potato":4,"minecraft:iron_helmet":1,"minecraft:cobblestone":515,"minecraft:granite":20,"minecraft:coal":17,"minecraft:diorite":41,"minecraft:cherry_planks":1,"minecraft:iron_leggings":2,"minecraft:sweet_berries":1,"minecraft:raw_copper":34,"minecraft:tuff":3,"minecraft:stone_shovel":1,"minecraft:raw_iron":64,"farmersdelight:cabbage_seeds":4,"minecraft:chicken":1,"minecraft:iron_boots":1,"minecraft:potato":1,"minecraft:stone":263,"minecraft:spruce_planks":55,"minecraft:iron_chestplate":1,"minecraft:diamond_pickaxe":3,"minecraft:andesite":4,"minecraft:spider_eye":3,"minecraft:spruce_log":2,"minecraft:bow":1,"minecraft:stone_pickaxe":2,"minecraft:wooden_pickaxe":1},"minecraft:picked_up":{"minecraft:iron_chestplate":1,"minecraft:wheat":118,"quark:hollow_spruce_log":2,"minecraft:string":9,"minecraft:raw_copper":276,"minecraft:iron_leggings":2,"minecraft:cobbled_deepslate":567,"farmersdelight:cabbage":1,"minecraft:spruce_planks":117,"minecraft:calcite":271,"minecraft:iron_pickaxe":1,"minecraft:furnace":1,"farmersdelight:cabbage_seeds":4,"minecraft:iron_boots":1,"minecraft:stick":82,"minecraft:torch":232,"quark:cherry_chest":6,"minecraft:cherry_log":381,"minecraft:diorite":72,"quark:clear_shard":17,"minecraft:rotten_flesh":80,"create:scoria":1,"create:ochrum":8,"create:veridium":352,"minecraft:cobblestone":2623,"minecraft:pink_petals":8,"minecraft:feather":2,"minecraft:cherry_planks":11,"minecraft:water_bucket":1,"minecraft:andesite":54,"minecraft:brown_wool":1,"minecraft:potato":1148,"minecraft:flint":6,"minecraft:tuff":76,"create:raw_zinc":171,"minecraft:lantern":3,"minecraft:lapis_lazuli":304,"minecraft:cherry_door":4,"minecraft:dirt":1819,"minecraft:bone":30,"minecraft:bow":3,"minecraft:wheat_seeds":417,"minecraft:raw_gold":52,"minecraft:oak_planks":228,"minecraft:poisonous_potato":4,"minecraft:sand":353,"quark:glow_lichen_growth":2,"sophisticatedbackpacks:iron_backpack":1,"minecraft:diamond":24,"minecraft:cherry_wood":6,"minecraft:granite":50,"minecraft:emerald":1,"minecraft:oak_sapling":5,"minecraft:diamond_pickaxe":2,"minecraft:crafting_table":5,"minecraft:azure_bluet":2,"minecraft:chicken":5,"minecraft:clay_ball":16,"minecraft:brown_mushroom":1,"minecraft:wooden_pickaxe":1,"minecraft:wooden_sword":4,"minecraft:beef":19,"minecraft:light_gray_wool":3,"minecraft:egg":12,"minecraft:raw_iron":306,"minecraft:stone":1167,"minecraft:cherry_stairs":15,"minecraft:carrot":7,"minecraft:redstone":81,"minecraft:arrow":21,"minecraft:beetroot_seeds":2,"minecraft:mutton":5,"minecraft:white_wool":46,"minecraft:glow_ink_sac":1,"minecraft:leather":8,"minecraft:oak_log":92,"minecraft:gunpowder":2,"immersive_aircraft:gyrodyne":2,"minecraft:cooked_mutton":7,"minecraft:apple":2,"minecraft:stone_pickaxe":2,"minecraft:oak_fence_gate":2,"minecraft:iron_ingot":3,"quark:glow_shroom":10,"minecraft:iron_sword":1,"minecraft:smooth_basalt":3,"minecraft:pumpkin":3,"minecraft:sweet_berries":62,"minecraft:gravel":102,"minecraft:spruce_sapling":1,"minecraft:white_bed":3,"minecraft:spruce_log":53,"minecraft:spider_eye":3,"quark:cobblestone_bricks":2,"minecraft:slime_ball":2,"minecraft:stone_axe":1,"minecraft:iron_helmet":1,"minecraft:painting":8,"minecraft:cherry_sapling":79,"minecraft:terracotta":2,"minecraft:baked_potato":39,"minecraft:black_wool":7,"minecraft:coal":417},"minecraft:mined":{"create:deepslate_zinc_ore":88,"minecraft:spruce_planks":66,"minecraft:white_bed":3,"quark:cherry_chest":6,"minecraft:cherry_log":383,"minecraft:granite":47,"quark:glow_shroom_stem":2,"minecraft:grass_block":632,"minecraft:spawner":3,"quark:glow_lichen_growth":2,"minecraft:iron_ore":208,"minecraft:cobbled_deepslate":12,"minecraft:pumpkin":3,"minecraft:deepslate_lapis_ore":26,"create:veridium":375,"minecraft:deepslate_redstone_ore":16,"minecraft:brown_mushroom":1,"minecraft:clay":4,"minecraft:torch":100,"quark:cobblestone_bricks":2,"minecraft:calcite":278,"create:scoria":1,"minecraft:glass":6,"minecraft:cobblestone":1155,"minecraft:oak_planks":35,"minecraft:wall_torch":111,"minecraft:deepslate_copper_ore":23,"minecraft:pink_petals":3,"farmersdelight:sandy_shrub":4,"minecraft:wheat":122,"minecraft:cherry_door":2,"quark:glow_shroom":1,"minecraft:grass":459,"minecraft:oak_log":94,"minecraft:beetroots":1,"minecraft:sand":373,"minecraft:dirt":1205,"minecraft:smooth_basalt":4,"minecraft:stonecutter":1,"minecraft:oak_leaves":15,"minecraft:deepslate":542,"create:zinc_ore":53,"minecraft:tuff":87,"minecraft:deepslate_diamond_ore":14,"minecraft:glow_lichen":5,"gravestone:gravestone":7,"create:ochrum":10,"minecraft:cherry_wood":6,"farmersdelight:wild_cabbages":4,"minecraft:spruce_leaves":14,"minecraft:large_fern":2,"minecraft:redstone_ore":1,"minecraft:furnace":1,"minecraft:carrots":7,"minecraft:andesite":52,"minecraft:potatoes":699,"minecraft:deepslate_iron_ore":97,"minecraft:lantern":3,"minecraft:packed_ice":20,"minecraft:stone":2218,"minecraft:cherry_stairs":15,"minecraft:white_wool":2,"minecraft:cherry_planks":10,"minecraft:crafting_table":3,"minecraft:emerald_ore":1,"quark:glow_shroom_block":9,"minecraft:tall_grass":33,"minecraft:copper_ore":66,"minecraft:deepslate_coal_ore":6,"minecraft:lapis_ore":21,"minecraft:deepslate_gold_ore":27,"minecraft:diorite":72,"minecraft:sweet_berry_bush":34,"minecraft:ice":7,"minecraft:spruce_log":53,"minecraft:bee_nest":1,"minecraft:black_wool":2,"minecraft:coal_ore":400,"minecraft:cherry_leaves":48,"minecraft:gravel":108,"minecraft:terracotta":2,"minecraft:gold_ore":18,"minecraft:fern":1},"minecraft:used":{"minecraft:cherry_sapling":75,"minecraft:iron_shovel":510,"minecraft:stone":828,"minecraft:iron_sword":227,"quark:cherry_chest":17,"minecraft:carrot":11,"minecraft:azure_bluet":2,"minecraft:spruce_boat":1,"minecraft:glass":155,"farmersdelight:tomato":4,"quark:deepslate_furnace":2,"minecraft:lantern":5,"create:scoria":1,"minecraft:bow":4,"minecraft:sweet_berries":69,"minecraft:furnace":13,"minecraft:oak_sapling":4,"minecraft:egg":10,"minecraft:potato":853,"minecraft:diorite":4,"minecraft:stone_pickaxe":1467,"minecraft:oak_planks":208,"minecraft:wooden_pickaxe":80,"minecraft:white_wool":18,"minecraft:sand":63,"minecraft:bread":18,"minecraft:gravel":1,"minecraft:diamond_sword":231,"minecraft:wooden_sword":219,"quark:glow_lichen_growth":2,"immersive_aircraft:gyrodyne":1,"minecraft:andesite":28,"minecraft:golden_pickaxe":96,"minecraft:cherry_wood":57,"minecraft:stone_shovel":1109,"create:veridium":13,"minecraft:spruce_planks":155,"minecraft:wooden_shovel":528,"minecraft:stone_hoe":155,"minecraft:torch":397,"minecraft:dirt":785,"minecraft:granite":2,"minecraft:wooden_axe":171,"quark:spruce_chest":1,"minecraft:iron_axe":252,"quark:hollow_spruce_log":2,"minecraft:cooked_beef":18,"minecraft:cobbled_deepslate":129,"minecraft:cherry_log":12,"minecraft:pumpkin":3,"minecraft:golden_axe":80,"minecraft:calcite":37,"minecraft:wheat_seeds":136,"minecraft:cooked_mutton":12,"minecraft:water_bucket":17,"quark:cobblestone_bricks":2,"minecraft:baked_potato":142,"farmersdelight:golden_knife":6,"minecraft:cherry_planks":411,"minecraft:crafting_table":15,"minecraft:white_bed":4,"minecraft:painting":9,"minecraft:spruce_log":3,"minecraft:oak_log":5,"minecraft:diamond_pickaxe":3201,"minecraft:black_wool":16,"minecraft:apple":2,"minecraft:cherry_door":8,"minecraft:iron_pickaxe":1516,"minecraft:spruce_sapling":1,"minecraft:stone_axe":249,"minecraft:pink_petals":8,"minecraft:cobblestone":1364,"minecraft:cherry_stairs":86,"minecraft:bucket":17,"quark:oak_chest":2,"quark:glow_shroom":5},"minecraft:broken":{"minecraft:iron_shovel":2,"minecraft:wooden_shovel":2,"minecraft:stone_pickaxe":11,"minecraft:diamond_pickaxe":1,"minecraft:wooden_sword":2,"minecraft:stone_axe":1,"minecraft:wooden_axe":3,"minecraft:stone_shovel":8,"minecraft:stone_hoe":1,"minecraft:wooden_pickaxe":1,"minecraft:golden_axe":2,"minecraft:iron_axe":1,"minecraft:iron_pickaxe":6,"minecraft:golden_pickaxe":3},"minecraft:killed_by":{"quark:forgotten":1,"minecraft:zombie":1,"minecraft:enderman":1},"minecraft:crafted":{"minecraft:black_dye":10,"minecraft:oak_planks":350,"minecraft:cherry_wood":90,"quark:deepslate_furnace":2,"quark:cherry_chest":11,"minecraft:cooked_mutton":8,"minecraft:glass":355,"minecraft:black_wool":10,"minecraft:stone_hoe":2,"minecraft:golden_axe":2,"minecraft:wooden_shovel":3,"minecraft:crafting_table":11,"minecraft:spruce_planks":116,"minecraft:wooden_pickaxe":2,"minecraft:baked_potato":313,"minecraft:golden_pickaxe":3,"minecraft:copper_ingot":72,"minecraft:painting":1,"farmersdelight:golden_knife":1,"minecraft:charcoal":22,"minecraft:diamond_pickaxe":3,"minecraft:stick":160,"quark:oak_chest":2,"minecraft:iron_ingot":221,"minecraft:iron_pickaxe":6,"minecraft:gold_ingot":23,"minecraft:shears":1,"minecraft:cherry_planks":980,"minecraft:wooden_sword":3,"minecraft:stone_shovel":10,"minecraft:iron_nugget":243,"minecraft:furnace":11,"minecraft:lantern":7,"minecraft:iron_axe":1,"minecraft:spruce_wood":12,"quark:cobblestone_bricks":4,"minecraft:cherry_stairs":120,"minecraft:stone_pickaxe":11,"minecraft:spruce_boat":1,"quark:spruce_chest":1,"minecraft:cooked_beef":14,"minecraft:diamond_sword":1,"minecraft:iron_sword":1,"minecraft:cooked_salmon":1,"minecraft:stone_axe":2,"minecraft:bread":44,"minecraft:wooden_axe":3,"minecraft:iron_shovel":2,"minecraft:cherry_door":6,"minecraft:white_bed":1,"minecraft:torch":226,"create:zinc_ingot":68},"minecraft:killed":{"minecraft:spider":11,"minecraft:skeleton":25,"minecraft:bee":2,"minecraft:chicken":5,"minecraft:creeper":2,"minecraft:sheep":4,"minecraft:zombie":44,"minecraft:cow":9,"minecraft:slime":3,"minecraft:bat":5},"minecraft:custom":{"minecraft:interact_with_crafting_table":137,"minecraft:open_barrel":4,"minecraft:leave_game":12,"minecraft:time_since_death":414065,"minecraft:sprint_one_cm":2137312,"minecraft:drop":284,"minecraft:play_time":991220,"minecraft:deaths":7,"minecraft:jump":14224,"minecraft:walk_on_water_one_cm":124741,"minecraft:interact_with_furnace":220,"minecraft:sleep_in_bed":7,"minecraft:damage_dealt":19064,"minecraft:crouch_one_cm":260959,"minecraft:horse_one_cm":2288,"minecraft:mob_kills":114,"minecraft:walk_one_cm":3556407,"minecraft:sneak_time":96185,"minecraft:walk_under_water_one_cm":32252,"minecraft:boat_one_cm":117150,"minecraft:interact_with_blast_furnace":1,"minecraft:total_world_time":991220,"minecraft:time_since_rest":16371,"minecraft:damage_taken":8632,"minecraft:swim_one_cm":52975,"minecraft:fly_one_cm":1611790,"minecraft:open_chest":315,"minecraft:fall_one_cm":241382}},"DataVersion":3465}