{"stats":{"minecraft:custom":{"minecraft:jump":63,"minecraft:time_since_rest":9295,"minecraft:damage_dealt":63,"minecraft:crouch_one_cm":2462,"minecraft:leave_game":5,"minecraft:play_time":9295,"minecraft:sprint_one_cm":11643,"minecraft:damage_taken":170,"minecraft:time_since_death":9295,"minecraft:walk_one_cm":33210,"minecraft:sneak_time":430,"minecraft:total_world_time":9295,"minecraft:drop":1,"minecraft:fall_one_cm":1161,"minecraft:fly_one_cm":43032},"minecraft:mined":{"minecraft:grass":2},"minecraft:used":{"minecraft:oxeye_daisy":1},"minecraft:dropped":{"minecraft:iron_bars":1},"minecraft:picked_up":{"minecraft:iron_bars":1,"minecraft:oxeye_daisy":1}},"DataVersion":3465}