{"stats":{"minecraft:picked_up":{"minecraft:crafting_table":1,"minecraft:iron_chestplate":1,"minecraft:azure_bluet":2,"minecraft:chicken":4,"minecraft:clay_ball":16,"quark:hollow_spruce_log":2,"minecraft:brown_mushroom":1,"minecraft:wooden_pickaxe":1,"minecraft:string":2,"minecraft:raw_copper":115,"minecraft:wooden_sword":4,"minecraft:iron_leggings":1,"minecraft:cobbled_deepslate":512,"minecraft:spruce_planks":117,"minecraft:beef":19,"minecraft:calcite":13,"minecraft:iron_pickaxe":1,"minecraft:iron_boots":1,"minecraft:egg":11,"minecraft:stick":5,"minecraft:raw_iron":24,"minecraft:torch":63,"minecraft:cherry_log":124,"minecraft:diorite":26,"minecraft:carrot":7,"minecraft:redstone":68,"minecraft:arrow":8,"minecraft:rotten_flesh":32,"create:scoria":1,"minecraft:mutton":5,"minecraft:white_wool":35,"minecraft:cobblestone":1178,"minecraft:pink_petals":5,"minecraft:feather":2,"minecraft:cherry_planks":6,"minecraft:water_bucket":1,"minecraft:andesite":16,"minecraft:brown_wool":1,"minecraft:leather":8,"minecraft:potato":359,"minecraft:flint":6,"minecraft:tuff":73,"create:raw_zinc":92,"minecraft:oak_log":92,"minecraft:lapis_lazuli":166,"minecraft:dirt":1550,"minecraft:cooked_mutton":7,"minecraft:bone":13,"minecraft:apple":2,"minecraft:bow":2,"minecraft:wheat_seeds":408,"minecraft:raw_gold":23,"quark:glow_shroom":5,"minecraft:stone_pickaxe":2,"minecraft:oak_fence_gate":2,"minecraft:iron_sword":1,"minecraft:oak_planks":228,"minecraft:pumpkin":3,"minecraft:sweet_berries":62,"minecraft:gravel":101,"minecraft:sand":70,"minecraft:spruce_sapling":1,"sophisticatedbackpacks:iron_backpack":1,"quark:glow_lichen_growth":2,"minecraft:white_bed":1,"minecraft:spruce_log":53,"quark:cobblestone_bricks":2,"minecraft:slime_ball":2,"minecraft:diamond":16,"minecraft:granite":7,"minecraft:cherry_sapling":5,"minecraft:black_wool":7,"minecraft:terracotta":2,"minecraft:baked_potato":20,"minecraft:oak_sapling":5,"minecraft:coal":170,"minecraft:wheat":117},"minecraft:dropped":{"minecraft:water_bucket":1,"minecraft:iron_ingot":26,"minecraft:iron_sword":1,"minecraft:brown_mushroom":1,"minecraft:wheat_seeds":254,"minecraft:baked_potato":24,"minecraft:dirt":1,"minecraft:cherry_planks":1,"minecraft:iron_leggings":1,"gravestone:obituary":4,"minecraft:wooden_sword":4,"minecraft:sand":1,"minecraft:iron_pickaxe":1,"minecraft:sweet_berries":1,"minecraft:raw_copper":9,"minecraft:rotten_flesh":26,"minecraft:iron_boots":1,"minecraft:cooked_mutton":4,"minecraft:potato":1,"minecraft:spruce_planks":55,"minecraft:iron_chestplate":1,"minecraft:spruce_log":2,"minecraft:wooden_pickaxe":1,"minecraft:stone_pickaxe":2,"minecraft:egg":1},"minecraft:used":{"minecraft:cherry_sapling":1,"minecraft:iron_shovel":141,"minecraft:stone_shovel":1061,"minecraft:spruce_planks":155,"minecraft:iron_sword":152,"minecraft:wooden_shovel":528,"minecraft:stone_hoe":152,"minecraft:torch":152,"quark:cherry_chest":1,"minecraft:dirt":659,"minecraft:carrot":11,"minecraft:granite":2,"minecraft:azure_bluet":2,"minecraft:spruce_boat":1,"minecraft:wooden_axe":171,"farmersdelight:tomato":4,"quark:deepslate_furnace":2,"quark:spruce_chest":1,"minecraft:iron_axe":24,"create:scoria":1,"minecraft:bow":4,"minecraft:sweet_berries":69,"quark:hollow_spruce_log":2,"minecraft:oak_sapling":4,"minecraft:furnace":5,"minecraft:egg":9,"minecraft:potato":262,"minecraft:cooked_beef":18,"minecraft:cobbled_deepslate":106,"minecraft:pumpkin":3,"minecraft:golden_axe":80,"minecraft:calcite":29,"minecraft:wheat_seeds":136,"minecraft:cooked_mutton":12,"minecraft:water_bucket":17,"quark:cobblestone_bricks":2,"minecraft:stone_pickaxe":800,"minecraft:baked_potato":58,"minecraft:oak_planks":208,"farmersdelight:golden_knife":6,"minecraft:wooden_pickaxe":80,"minecraft:cherry_planks":107,"minecraft:white_wool":18,"minecraft:sand":4,"minecraft:crafting_table":8,"minecraft:white_bed":2,"minecraft:spruce_log":3,"minecraft:oak_log":5,"minecraft:black_wool":16,"minecraft:apple":2,"minecraft:iron_pickaxe":1317,"minecraft:bread":5,"minecraft:spruce_sapling":1,"minecraft:gravel":1,"minecraft:stone_axe":130,"minecraft:pink_petals":5,"quark:glow_lichen_growth":2,"minecraft:wooden_sword":219,"minecraft:cobblestone":1063,"minecraft:bucket":17,"minecraft:andesite":1,"quark:oak_chest":2,"minecraft:golden_pickaxe":96,"quark:glow_shroom":5},"minecraft:mined":{"create:zinc_ore":15,"create:deepslate_zinc_ore":47,"minecraft:tuff":75,"minecraft:spruce_planks":66,"minecraft:white_bed":1,"minecraft:deepslate_diamond_ore":6,"minecraft:cherry_log":125,"minecraft:glow_lichen":5,"gravestone:gravestone":7,"minecraft:granite":7,"quark:glow_shroom_stem":2,"minecraft:grass_block":551,"minecraft:spruce_leaves":14,"quark:glow_lichen_growth":2,"minecraft:large_fern":2,"minecraft:carrots":7,"minecraft:iron_ore":14,"minecraft:cobbled_deepslate":4,"minecraft:andesite":16,"minecraft:pumpkin":3,"minecraft:deepslate_lapis_ore":15,"minecraft:potatoes":169,"minecraft:deepslate_iron_ore":10,"minecraft:packed_ice":20,"minecraft:stone":700,"minecraft:white_wool":2,"minecraft:deepslate_redstone_ore":14,"minecraft:brown_mushroom":1,"minecraft:cherry_planks":5,"minecraft:clay":4,"minecraft:crafting_table":1,"minecraft:torch":32,"quark:cobblestone_bricks":2,"minecraft:calcite":13,"create:scoria":1,"minecraft:copper_ore":19,"minecraft:tall_grass":32,"quark:glow_shroom_block":9,"minecraft:cobblestone":272,"minecraft:lapis_ore":10,"minecraft:deepslate_gold_ore":11,"minecraft:oak_planks":35,"minecraft:diorite":26,"minecraft:wall_torch":30,"minecraft:deepslate_copper_ore":16,"minecraft:pink_petals":2,"minecraft:wheat":122,"minecraft:sweet_berry_bush":34,"minecraft:ice":7,"minecraft:spruce_log":53,"minecraft:bee_nest":1,"quark:glow_shroom":1,"minecraft:black_wool":2,"minecraft:grass":455,"minecraft:oak_log":94,"minecraft:coal_ore":159,"minecraft:beetroots":1,"minecraft:cherry_leaves":7,"minecraft:gravel":107,"minecraft:sand":78,"minecraft:dirt":1010,"minecraft:terracotta":2,"minecraft:stonecutter":1,"minecraft:gold_ore":4,"minecraft:oak_leaves":13,"minecraft:deepslate":511,"minecraft:fern":1},"minecraft:broken":{"minecraft:wooden_shovel":2,"minecraft:stone_hoe":1,"minecraft:wooden_pickaxe":1,"minecraft:stone_pickaxe":6,"minecraft:golden_axe":2,"minecraft:wooden_sword":2,"minecraft:stone_axe":1,"minecraft:iron_pickaxe":5,"minecraft:golden_pickaxe":3,"minecraft:wooden_axe":3,"minecraft:stone_shovel":8},"minecraft:killed_by":{"minecraft:enderman":1,"quark:forgotten":1,"minecraft:zombie":1},"minecraft:crafted":{"minecraft:black_dye":10,"minecraft:cherry_planks":188,"minecraft:wooden_sword":3,"minecraft:oak_planks":350,"minecraft:stone_shovel":8,"minecraft:furnace":4,"quark:cherry_chest":1,"quark:deepslate_furnace":2,"minecraft:cooked_mutton":8,"minecraft:iron_axe":1,"minecraft:spruce_wood":12,"quark:cobblestone_bricks":4,"minecraft:stone_pickaxe":6,"minecraft:spruce_boat":1,"quark:spruce_chest":1,"minecraft:black_wool":10,"minecraft:stone_hoe":2,"minecraft:cooked_beef":14,"minecraft:golden_axe":2,"minecraft:wooden_shovel":3,"minecraft:crafting_table":7,"minecraft:spruce_planks":116,"minecraft:wooden_pickaxe":2,"minecraft:baked_potato":110,"minecraft:iron_sword":1,"minecraft:golden_pickaxe":3,"minecraft:cooked_salmon":1,"minecraft:copper_ingot":72,"minecraft:stone_axe":1,"minecraft:bread":44,"minecraft:charcoal":22,"farmersdelight:golden_knife":1,"minecraft:stick":128,"quark:oak_chest":2,"minecraft:iron_ingot":23,"minecraft:iron_pickaxe":6,"minecraft:wooden_axe":3,"minecraft:iron_shovel":1,"minecraft:gold_ingot":23,"minecraft:white_bed":1,"minecraft:torch":118,"create:zinc_ingot":68,"minecraft:shears":1},"minecraft:killed":{"minecraft:spider":2,"minecraft:slime":3,"minecraft:skeleton":8,"minecraft:bee":2,"minecraft:chicken":4,"minecraft:sheep":4,"minecraft:zombie":22,"minecraft:cow":9},"minecraft:custom":{"minecraft:mob_kills":55,"minecraft:interact_with_crafting_table":88,"minecraft:leave_game":10,"minecraft:time_since_death":2638,"minecraft:sprint_one_cm":1534434,"minecraft:walk_one_cm":1943897,"minecraft:drop":155,"minecraft:play_time":579793,"minecraft:deaths":7,"minecraft:sneak_time":42770,"minecraft:walk_under_water_one_cm":25633,"minecraft:boat_one_cm":117150,"minecraft:jump":9651,"minecraft:interact_with_blast_furnace":1,"minecraft:walk_on_water_one_cm":102099,"minecraft:total_world_time":579793,"minecraft:interact_with_furnace":118,"minecraft:sleep_in_bed":6,"minecraft:time_since_rest":2666,"minecraft:damage_taken":5447,"minecraft:damage_dealt":8220,"minecraft:swim_one_cm":51529,"minecraft:fly_one_cm":1326889,"minecraft:open_chest":180,"minecraft:crouch_one_cm":125515,"minecraft:fall_one_cm":175407,"minecraft:horse_one_cm":2288}},"DataVersion":3465}