{"stats":{"minecraft:killed":{"minecraft:spider":11,"minecraft:skeleton":26,"minecraft:bee":2,"minecraft:chicken":5,"minecraft:creeper":2,"minecraft:sheep":4,"minecraft:zombie":53,"minecraft:cow":9,"minecraft:slime":3,"minecraft:bat":5},"minecraft:mined":{"create:deepslate_zinc_ore":88,"minecraft:spruce_planks":66,"minecraft:white_bed":3,"quark:cherry_chest":10,"minecraft:cherry_log":383,"minecraft:granite":47,"quark:glow_shroom_stem":2,"minecraft:grass_block":662,"quark:glow_lichen_growth":2,"minecraft:spawner":3,"minecraft:iron_ore":208,"minecraft:cobbled_deepslate":12,"minecraft:pumpkin":3,"minecraft:deepslate_lapis_ore":26,"create:veridium":375,"minecraft:deepslate_redstone_ore":16,"minecraft:brown_mushroom":1,"minecraft:clay":4,"minecraft:torch":120,"quark:cobblestone_bricks":2,"minecraft:calcite":278,"create:scoria":1,"minecraft:nether_quartz_ore":2,"minecraft:glass":6,"minecraft:cobblestone":1205,"minecraft:oak_planks":35,"minecraft:wall_torch":124,"minecraft:deepslate_copper_ore":23,"minecraft:pink_petals":3,"farmersdelight:sandy_shrub":4,"minecraft:wheat":122,"minecraft:cherry_door":2,"quark:glow_shroom":1,"minecraft:grass":459,"minecraft:oak_log":94,"minecraft:beetroots":1,"minecraft:sand":373,"minecraft:dirt":1212,"minecraft:smooth_basalt":4,"minecraft:stonecutter":1,"minecraft:netherrack":21,"minecraft:oak_leaves":15,"minecraft:deepslate":542,"create:zinc_ore":53,"minecraft:tuff":87,"minecraft:deepslate_diamond_ore":14,"minecraft:glow_lichen":5,"gravestone:gravestone":7,"create:ochrum":10,"minecraft:cherry_wood":6,"farmersdelight:wild_cabbages":4,"minecraft:spruce_leaves":14,"minecraft:large_fern":2,"minecraft:redstone_ore":1,"minecraft:furnace":1,"minecraft:carrots":7,"minecraft:andesite":52,"minecraft:potatoes":803,"minecraft:deepslate_iron_ore":97,"create:chute":1,"minecraft:lantern":20,"minecraft:packed_ice":20,"minecraft:stone":2252,"minecraft:cherry_stairs":18,"minecraft:white_wool":2,"minecraft:cherry_planks":19,"minecraft:crafting_table":4,"minecraft:emerald_ore":1,"quark:glow_shroom_block":9,"minecraft:tall_grass":33,"minecraft:copper_ore":66,"minecraft:deepslate_coal_ore":6,"minecraft:lapis_ore":21,"minecraft:deepslate_gold_ore":27,"minecraft:diorite":72,"minecraft:sweet_berry_bush":34,"minecraft:ice":7,"minecraft:spruce_log":53,"minecraft:bee_nest":1,"minecraft:black_wool":2,"minecraft:coal_ore":400,"minecraft:cherry_leaves":48,"minecraft:gravel":108,"minecraft:terracotta":2,"minecraft:gold_ore":18,"minecraft:fern":1},"minecraft:killed_by":{"quark:forgotten":1,"minecraft:zombie":1,"minecraft:enderman":1},"minecraft:dropped":{"minecraft:iron_sword":2,"minecraft:brown_mushroom":1,"minecraft:baked_potato":54,"minecraft:emerald":1,"minecraft:dirt":7,"immersive_aircraft:gyrodyne":1,"gravestone:obituary":7,"minecraft:wooden_sword":4,"minecraft:sand":1,"minecraft:iron_pickaxe":1,"minecraft:bone":9,"minecraft:gravel":1,"minecraft:stone_axe":2,"minecraft:cobbled_deepslate":32,"minecraft:rotten_flesh":86,"minecraft:cooked_mutton":4,"minecraft:beetroot_seeds":2,"minecraft:arrow":6,"minecraft:egg":1,"minecraft:water_bucket":1,"minecraft:iron_ingot":71,"minecraft:bread":26,"minecraft:wheat_seeds":260,"minecraft:poisonous_potato":4,"minecraft:iron_helmet":1,"minecraft:cobblestone":515,"minecraft:granite":20,"minecraft:coal":17,"minecraft:diorite":41,"minecraft:cherry_planks":1,"minecraft:iron_leggings":2,"minecraft:sweet_berries":1,"minecraft:raw_copper":34,"minecraft:tuff":3,"farmersdelight:cabbage_seeds":4,"minecraft:raw_iron":64,"minecraft:stone_shovel":1,"minecraft:chicken":1,"minecraft:iron_boots":1,"minecraft:potato":1,"minecraft:stone":263,"minecraft:spruce_planks":55,"minecraft:iron_chestplate":1,"minecraft:diamond_pickaxe":4,"minecraft:andesite":4,"minecraft:spider_eye":3,"minecraft:spruce_log":2,"minecraft:bow":2,"minecraft:stone_pickaxe":2,"minecraft:wooden_pickaxe":1},"minecraft:crafted":{"minecraft:black_dye":10,"minecraft:oak_planks":350,"minecraft:cherry_wood":90,"quark:cherry_chest":12,"quark:deepslate_furnace":2,"minecraft:cooked_mutton":8,"minecraft:glass":355,"minecraft:black_wool":10,"minecraft:stone_hoe":2,"minecraft:golden_axe":2,"minecraft:wooden_shovel":3,"minecraft:crafting_table":11,"minecraft:spruce_planks":116,"minecraft:wooden_pickaxe":2,"minecraft:baked_potato":396,"minecraft:golden_pickaxe":3,"minecraft:copper_ingot":72,"minecraft:painting":6,"farmersdelight:golden_knife":1,"minecraft:diamond_pickaxe":3,"minecraft:charcoal":22,"minecraft:stick":172,"quark:oak_chest":2,"minecraft:iron_ingot":221,"minecraft:iron_pickaxe":7,"minecraft:gold_ingot":23,"minecraft:shears":1,"minecraft:cherry_planks":980,"minecraft:wooden_sword":3,"minecraft:stone_shovel":10,"minecraft:iron_nugget":513,"minecraft:furnace":11,"minecraft:lantern":63,"minecraft:iron_axe":2,"minecraft:spruce_wood":12,"quark:cobblestone_bricks":4,"minecraft:cherry_stairs":120,"minecraft:stone_pickaxe":11,"minecraft:spruce_boat":1,"quark:spruce_chest":1,"minecraft:cooked_beef":14,"minecraft:diamond_sword":1,"minecraft:iron_sword":1,"minecraft:cooked_salmon":1,"minecraft:stone_axe":2,"minecraft:bread":44,"minecraft:wooden_axe":3,"minecraft:iron_shovel":3,"minecraft:cherry_door":6,"minecraft:white_bed":1,"minecraft:torch":270,"create:zinc_ingot":68},"minecraft:custom":{"minecraft:interact_with_crafting_table":162,"minecraft:open_barrel":4,"minecraft:leave_game":13,"minecraft:time_since_death":494822,"minecraft:sprint_one_cm":2337106,"minecraft:drop":301,"minecraft:play_time":1071977,"minecraft:deaths":7,"minecraft:jump":14878,"minecraft:walk_on_water_one_cm":125012,"minecraft:interact_with_furnace":232,"minecraft:sleep_in_bed":10,"minecraft:damage_dealt":20981,"minecraft:crouch_one_cm":278496,"minecraft:horse_one_cm":2288,"minecraft:mob_kills":124,"minecraft:walk_one_cm":3944752,"minecraft:sneak_time":100425,"minecraft:walk_under_water_one_cm":32252,"minecraft:boat_one_cm":117150,"minecraft:interact_with_blast_furnace":1,"minecraft:total_world_time":1071977,"minecraft:time_since_rest":0,"minecraft:damage_taken":9163,"minecraft:swim_one_cm":52975,"minecraft:fly_one_cm":1666321,"minecraft:open_chest":433,"minecraft:fall_one_cm":254260},"minecraft:used":{"minecraft:cherry_sapling":75,"minecraft:iron_shovel":533,"minecraft:stone":849,"minecraft:iron_sword":227,"astikorcarts:supply_cart":1,"quark:cherry_chest":22,"minecraft:carrot":11,"minecraft:azure_bluet":2,"minecraft:spruce_boat":1,"minecraft:glass":159,"farmersdelight:tomato":4,"quark:deepslate_furnace":2,"minecraft:lantern":83,"create:scoria":1,"minecraft:bow":4,"minecraft:sweet_berries":69,"minecraft:furnace":13,"minecraft:oak_sapling":4,"minecraft:egg":10,"minecraft:potato":957,"minecraft:diorite":4,"minecraft:stone_pickaxe":1467,"minecraft:oak_planks":208,"minecraft:wooden_pickaxe":80,"minecraft:white_wool":18,"minecraft:sand":63,"minecraft:bread":18,"minecraft:gravel":1,"minecraft:diamond_sword":259,"minecraft:wooden_sword":219,"quark:glow_lichen_growth":2,"minecraft:andesite":28,"immersive_aircraft:gyrodyne":2,"minecraft:golden_pickaxe":96,"minecraft:cherry_wood":57,"minecraft:stone_shovel":1153,"create:veridium":129,"minecraft:spruce_planks":155,"minecraft:wooden_shovel":528,"minecraft:stone_hoe":155,"minecraft:torch":465,"minecraft:dirt":823,"minecraft:granite":2,"minecraft:wooden_axe":171,"quark:spruce_chest":1,"minecraft:iron_axe":257,"quark:hollow_spruce_log":2,"minecraft:cooked_beef":18,"minecraft:cobbled_deepslate":129,"minecraft:cherry_log":12,"minecraft:pumpkin":3,"minecraft:golden_axe":80,"minecraft:calcite":37,"minecraft:wheat_seeds":136,"minecraft:cooked_mutton":12,"minecraft:water_bucket":17,"quark:cobblestone_bricks":2,"minecraft:baked_potato":162,"farmersdelight:golden_knife":6,"minecraft:cherry_planks":416,"minecraft:crafting_table":15,"minecraft:white_bed":4,"minecraft:painting":40,"minecraft:spruce_log":3,"minecraft:oak_log":5,"minecraft:black_wool":16,"minecraft:diamond_pickaxe":3224,"minecraft:apple":2,"minecraft:cherry_door":8,"minecraft:iron_pickaxe":1626,"minecraft:spruce_sapling":1,"minecraft:stone_axe":249,"minecraft:pink_petals":8,"minecraft:cherry_stairs":95,"minecraft:cobblestone":1382,"minecraft:bucket":17,"quark:oak_chest":2,"quark:glow_shroom":5},"minecraft:broken":{"minecraft:iron_shovel":2,"minecraft:wooden_shovel":2,"minecraft:stone_pickaxe":11,"minecraft:diamond_pickaxe":1,"minecraft:wooden_sword":2,"minecraft:stone_axe":1,"minecraft:wooden_axe":3,"minecraft:stone_shovel":8,"minecraft:stone_hoe":1,"minecraft:wooden_pickaxe":1,"minecraft:golden_axe":2,"minecraft:iron_axe":1,"minecraft:iron_pickaxe":6,"minecraft:golden_pickaxe":3},"minecraft:picked_up":{"minecraft:iron_chestplate":1,"minecraft:wheat":118,"quark:hollow_spruce_log":2,"minecraft:string":9,"minecraft:raw_copper":276,"minecraft:iron_leggings":2,"minecraft:gold_nugget":14,"minecraft:cobbled_deepslate":567,"farmersdelight:cabbage":1,"minecraft:spruce_planks":117,"minecraft:calcite":271,"minecraft:iron_pickaxe":1,"minecraft:furnace":1,"minecraft:iron_boots":1,"farmersdelight:cabbage_seeds":4,"minecraft:stick":82,"minecraft:torch":265,"quark:cherry_chest":10,"minecraft:cherry_log":381,"minecraft:diorite":72,"quark:clear_shard":17,"minecraft:rotten_flesh":92,"create:scoria":1,"create:ochrum":8,"create:veridium":352,"minecraft:cobblestone":2687,"minecraft:pink_petals":8,"minecraft:feather":2,"minecraft:cherry_planks":18,"minecraft:water_bucket":1,"minecraft:andesite":54,"minecraft:brown_wool":1,"minecraft:potato":1335,"minecraft:flint":6,"minecraft:tuff":76,"create:raw_zinc":171,"minecraft:lantern":20,"minecraft:lapis_lazuli":304,"minecraft:cherry_door":4,"minecraft:dirt":1873,"minecraft:glass":10,"minecraft:bone":31,"minecraft:bow":4,"minecraft:wheat_seeds":417,"minecraft:raw_gold":52,"minecraft:oak_planks":230,"astikorcarts:supply_cart":1,"minecraft:poisonous_potato":4,"minecraft:sand":353,"quark:glow_lichen_growth":2,"sophisticatedbackpacks:iron_backpack":1,"minecraft:diamond":24,"minecraft:cherry_wood":6,"minecraft:granite":50,"minecraft:emerald":1,"minecraft:oak_sapling":5,"minecraft:netherrack":14,"minecraft:diamond_pickaxe":2,"minecraft:crafting_table":6,"minecraft:azure_bluet":2,"minecraft:chicken":5,"minecraft:clay_ball":16,"minecraft:brown_mushroom":1,"minecraft:wooden_pickaxe":1,"minecraft:oak_trapdoor":2,"minecraft:wooden_sword":4,"minecraft:beef":19,"minecraft:light_gray_wool":3,"minecraft:cherry_trapdoor":2,"minecraft:egg":12,"minecraft:raw_iron":306,"minecraft:stone":1167,"minecraft:cherry_stairs":16,"minecraft:carrot":7,"minecraft:redstone":81,"minecraft:arrow":22,"minecraft:beetroot_seeds":2,"minecraft:mutton":5,"minecraft:white_wool":46,"minecraft:glow_ink_sac":1,"minecraft:leather":8,"minecraft:oak_log":92,"minecraft:golden_boots":1,"minecraft:gunpowder":2,"immersive_aircraft:gyrodyne":3,"minecraft:cooked_mutton":7,"minecraft:apple":2,"quark:glow_shroom":10,"minecraft:oak_fence_gate":2,"minecraft:iron_ingot":3,"minecraft:stone_pickaxe":2,"minecraft:iron_sword":1,"minecraft:book":3,"minecraft:smooth_basalt":3,"minecraft:pumpkin":3,"minecraft:sweet_berries":62,"minecraft:quartz":2,"minecraft:gravel":102,"minecraft:spruce_sapling":1,"minecraft:white_bed":3,"minecraft:spruce_log":53,"minecraft:spider_eye":3,"quark:cobblestone_bricks":2,"minecraft:slime_ball":2,"minecraft:stone_axe":1,"minecraft:iron_helmet":1,"minecraft:painting":34,"minecraft:cherry_sapling":79,"minecraft:terracotta":2,"minecraft:baked_potato":39,"minecraft:black_wool":7,"minecraft:coal":417}},"DataVersion":3465}