{"stats":{"minecraft:killed":{"minecraft:sheep":4,"minecraft:zombie":4,"minecraft:bee":2,"minecraft:chicken":4,"minecraft:cow":9},"minecraft:mined":{"minecraft:cherry_planks":1,"minecraft:spruce_planks":66,"minecraft:brown_mushroom":1,"minecraft:cherry_log":42,"quark:cobblestone_bricks":2,"gravestone:gravestone":2,"minecraft:grass_block":130,"minecraft:tall_grass":30,"minecraft:copper_ore":3,"minecraft:spruce_leaves":14,"minecraft:oak_planks":35,"minecraft:large_fern":2,"minecraft:pink_petals":1,"minecraft:sweet_berry_bush":34,"minecraft:ice":7,"minecraft:spruce_log":53,"minecraft:bee_nest":1,"minecraft:gravel":4,"minecraft:grass":404,"minecraft:oak_log":94,"minecraft:coal_ore":8,"minecraft:cherry_leaves":3,"minecraft:sand":4,"minecraft:dirt":74,"minecraft:packed_ice":20,"minecraft:stone":38,"minecraft:oak_leaves":13,"minecraft:fern":1},"minecraft:killed_by":{"minecraft:zombie":1},"minecraft:dropped":{"minecraft:sweet_berries":1,"minecraft:brown_mushroom":1,"minecraft:wheat_seeds":66,"minecraft:raw_copper":9,"minecraft:rotten_flesh":4,"minecraft:cooked_mutton":4,"minecraft:dirt":1,"minecraft:spruce_planks":55,"minecraft:cherry_planks":1,"gravestone:obituary":2,"minecraft:wooden_sword":4,"minecraft:spruce_log":2,"minecraft:wooden_pickaxe":1,"minecraft:stone_pickaxe":1,"minecraft:egg":1},"minecraft:crafted":{"minecraft:cooked_beef":14,"minecraft:cherry_planks":168,"minecraft:wooden_sword":3,"minecraft:oak_planks":162,"minecraft:wooden_shovel":3,"minecraft:crafting_table":4,"minecraft:spruce_planks":116,"minecraft:wooden_pickaxe":2,"minecraft:furnace":3,"minecraft:stone_axe":1,"minecraft:cooked_mutton":8,"minecraft:spruce_wood":12,"quark:cobblestone_bricks":4,"minecraft:stick":96,"minecraft:stone_pickaxe":1,"minecraft:wooden_axe":3,"minecraft:white_bed":1,"minecraft:spruce_boat":1,"quark:spruce_chest":1},"minecraft:custom":{"minecraft:interact_with_furnace":27,"minecraft:mob_kills":24,"minecraft:interact_with_crafting_table":31,"minecraft:leave_game":4,"minecraft:time_since_death":113824,"minecraft:sleep_in_bed":6,"minecraft:time_since_rest":10966,"minecraft:sprint_one_cm":626888,"minecraft:damage_taken":1275,"minecraft:walk_one_cm":587027,"minecraft:drop":100,"minecraft:damage_dealt":2540,"minecraft:swim_one_cm":20811,"minecraft:fly_one_cm":510948,"minecraft:open_chest":16,"minecraft:crouch_one_cm":28696,"minecraft:play_time":159074,"minecraft:sneak_time":8629,"minecraft:deaths":2,"minecraft:walk_under_water_one_cm":14712,"minecraft:jump":2786,"minecraft:walk_on_water_one_cm":49914,"minecraft:total_world_time":159074,"minecraft:fall_one_cm":49884,"minecraft:horse_one_cm":2288},"minecraft:used":{"minecraft:cherry_sapling":1,"minecraft:cooked_mutton":11,"quark:cobblestone_bricks":2,"minecraft:stone_pickaxe":7,"minecraft:oak_planks":179,"minecraft:spruce_planks":155,"minecraft:wooden_pickaxe":80,"minecraft:cherry_planks":66,"minecraft:wooden_shovel":508,"minecraft:sand":4,"minecraft:dirt":204,"minecraft:crafting_table":4,"minecraft:white_bed":1,"minecraft:spruce_log":3,"minecraft:oak_log":5,"minecraft:spruce_boat":1,"minecraft:wooden_axe":161,"minecraft:apple":1,"quark:spruce_chest":1,"minecraft:spruce_sapling":1,"minecraft:stone_axe":130,"minecraft:wooden_sword":219,"minecraft:pink_petals":5,"minecraft:cobblestone":1,"minecraft:oak_sapling":4,"minecraft:sweet_berries":69,"quark:hollow_spruce_log":2,"minecraft:furnace":3,"minecraft:egg":4,"minecraft:cooked_beef":8},"minecraft:broken":{"minecraft:wooden_shovel":2,"minecraft:wooden_sword":2,"minecraft:stone_axe":1,"minecraft:wooden_axe":2,"minecraft:wooden_pickaxe":1},"minecraft:picked_up":{"minecraft:pink_petals":5,"minecraft:cherry_planks":2,"minecraft:feather":2,"minecraft:chicken":4,"quark:hollow_spruce_log":2,"minecraft:brown_wool":1,"minecraft:leather":8,"minecraft:brown_mushroom":1,"minecraft:wooden_pickaxe":1,"minecraft:oak_log":92,"minecraft:dirt":205,"minecraft:raw_copper":9,"minecraft:wooden_sword":4,"minecraft:cooked_mutton":7,"minecraft:bone":2,"minecraft:apple":2,"minecraft:wheat_seeds":66,"minecraft:spruce_planks":117,"minecraft:beef":19,"minecraft:stone_pickaxe":1,"minecraft:oak_planks":227,"minecraft:egg":6,"minecraft:stick":1,"minecraft:sweet_berries":62,"minecraft:gravel":4,"minecraft:sand":4,"minecraft:cherry_log":42,"minecraft:spruce_sapling":1,"minecraft:spruce_log":53,"quark:cobblestone_bricks":2,"minecraft:arrow":1,"minecraft:rotten_flesh":4,"minecraft:cherry_sapling":1,"minecraft:oak_sapling":4,"minecraft:mutton":5,"minecraft:coal":8,"minecraft:white_wool":3,"minecraft:cobblestone":38}},"DataVersion":3465}