{"stats":{"minecraft:dropped":{"minecraft:dirt":2,"minecraft:wooden_shovel":2,"minecraft:stone_pickaxe":2,"minecraft:wooden_pickaxe":1},"minecraft:picked_up":{"minecraft:salmon":1,"minecraft:andesite":2,"minecraft:lead":3,"minecraft:wooden_pickaxe":1,"minecraft:flint":1,"minecraft:oak_log":10,"minecraft:gunpowder":2,"minecraft:string":2,"minecraft:dirt":78,"minecraft:apple":1,"minecraft:wheat_seeds":2,"minecraft:stone_pickaxe":1,"minecraft:wooden_shovel":1,"minecraft:stick":2,"minecraft:raw_iron":9,"minecraft:gravel":17,"minecraft:spruce_log":17,"minecraft:rotten_flesh":1,"minecraft:granite":21,"minecraft:bread":7,"minecraft:oak_sapling":2,"minecraft:snowball":30,"minecraft:cobblestone":129},"minecraft:mined":{"minecraft:granite":21,"minecraft:grass_block":9,"minecraft:tall_grass":2,"minecraft:cobblestone":2,"minecraft:spruce_leaves":2,"minecraft:iron_ore":9,"minecraft:ice":1,"minecraft:spruce_log":18,"minecraft:andesite":2,"minecraft:grass":3,"minecraft:oak_log":10,"minecraft:gravel":18,"minecraft:dirt":56,"minecraft:stone":127,"minecraft:oak_leaves":1},"minecraft:used":{"minecraft:stone_sword":5,"minecraft:stone_shovel":43,"minecraft:stone_pickaxe":130,"minecraft:wooden_pickaxe":34,"minecraft:iron_sword":13,"minecraft:wooden_shovel":29,"minecraft:dirt":7,"minecraft:crafting_table":1,"minecraft:granite":3,"minecraft:spruce_log":1,"minecraft:wooden_axe":7,"minecraft:apple":1,"minecraft:bread":4,"minecraft:iron_pickaxe":2,"minecraft:wooden_sword":36,"minecraft:cobblestone":120},"minecraft:killed_by":{"minecraft:creeper":1,"minecraft:spider":1,"minecraft:zombie":1},"minecraft:crafted":{"minecraft:wooden_sword":2,"minecraft:oak_planks":32,"minecraft:wooden_shovel":1,"minecraft:stone_shovel":1,"minecraft:crafting_table":1,"minecraft:spruce_planks":24,"minecraft:wooden_pickaxe":2,"minecraft:iron_sword":1,"minecraft:stone_axe":1,"minecraft:air":0,"minecraft:iron_boots":1,"minecraft:spruce_wood":3,"minecraft:stick":44,"minecraft:iron_ingot":9,"minecraft:iron_pickaxe":1,"minecraft:stone_pickaxe":1,"minecraft:wooden_axe":2,"minecraft:stone_sword":1},"minecraft:killed":{"minecraft:spider":1,"minecraft:creeper":1,"minecraft:polar_bear":1,"minecraft:zombie":2},"minecraft:custom":{"minecraft:interact_with_furnace":8,"minecraft:mob_kills":6,"minecraft:interact_with_crafting_table":6,"minecraft:leave_game":2,"minecraft:time_since_death":31558,"minecraft:sleep_in_bed":2,"minecraft:time_since_rest":14255,"minecraft:sprint_one_cm":132972,"minecraft:damage_taken":1334,"minecraft:walk_one_cm":145383,"minecraft:drop":6,"minecraft:damage_dealt":1316,"minecraft:damage_dealt_absorbed":80,"minecraft:swim_one_cm":6406,"minecraft:fly_one_cm":156434,"minecraft:crouch_one_cm":9749,"minecraft:play_time":51870,"minecraft:deaths":4,"minecraft:sneak_time":1829,"minecraft:walk_under_water_one_cm":1129,"minecraft:jump":694,"minecraft:walk_on_water_one_cm":9539,"minecraft:total_world_time":51870,"minecraft:fall_one_cm":16895,"minecraft:horse_one_cm":25}},"DataVersion":3465}