{
  "dungeons_arise:wda_root": {
    "criteria": {
      "WDA": "2024-06-06 01:10:22 +0000"
    },
    "done": true
  },
  "minecraft:adventure/adventuring_time": {
    "criteria": {
      "minecraft:taiga": "2024-06-06 01:23:43 +0000",
      "minecraft:frozen_river": "2024-06-06 01:12:46 +0000",
      "minecraft:cherry_grove": "2024-06-06 02:01:44 +0000",
      "minecraft:beach": "2024-06-09 03:49:07 +0000",
      "minecraft:river": "2024-06-06 01:56:32 +0000",
      "minecraft:snowy_plains": "2024-06-06 01:10:23 +0000",
      "minecraft:snowy_taiga": "2024-06-06 01:13:05 +0000",
      "minecraft:cold_ocean": "2024-06-09 03:48:10 +0000",
      "minecraft:frozen_ocean": "2024-06-06 01:16:01 +0000",
      "minecraft:snowy_beach": "2024-06-06 01:13:07 +0000",
      "minecraft:plains": "2024-06-06 01:56:22 +0000"
    },
    "done": false
  },
  "farmersdelight:main/root": {
    "criteria": {
      "seeds": "2024-06-06 01:11:32 +0000"
    },
    "done": true
  },
  "create:root": {
    "criteria": {
      "0": "2024-06-06 01:11:32 +0000"
    },
    "done": true
  },
  "minecraft:adventure/root": {
    "criteria": {
      "killed_by_something": "2024-06-06 01:11:49 +0000"
    },
    "done": true
  },
  "minecraft:story/root": {
    "criteria": {
      "crafting_table": "2024-06-06 01:15:30 +0000"
    },
    "done": true
  },
  "minecraft:story/mine_stone": {
    "criteria": {
      "get_stone": "2024-06-06 01:25:07 +0000"
    },
    "done": true
  },
  "minecraft:husbandry/balanced_diet": {
    "criteria": {
      "cooked_porkchop": "2024-06-06 02:06:11 +0000",
      "cooked_mutton": "2024-06-06 02:00:53 +0000",
      "sweet_berries": "2024-06-06 01:44:29 +0000",
      "cooked_salmon": "2024-06-06 01:25:47 +0000"
    },
    "done": false
  },
  "minecraft:husbandry/root": {
    "criteria": {
      "consumed_item": "2024-06-06 01:25:47 +0000"
    },
    "done": true
  },
  "minecraft:story/upgrade_tools": {
    "criteria": {
      "stone_pickaxe": "2024-06-06 01:26:55 +0000"
    },
    "done": true
  },
  "minecraft:adventure/kill_all_mobs": {
    "criteria": {
      "minecraft:zombie_villager": "2024-06-06 01:35:48 +0000"
    },
    "done": false
  },
  "minecraft:adventure/kill_a_mob": {
    "criteria": {
      "minecraft:zombie_villager": "2024-06-06 01:35:48 +0000"
    },
    "done": true
  },
  "minecraft:adventure/sleep_in_bed": {
    "criteria": {
      "slept_in_bed": "2024-06-06 02:03:49 +0000"
    },
    "done": true
  },
  "minecraft:husbandry/tame_an_animal": {
    "criteria": {
      "tamed_animal": "2024-06-06 02:10:23 +0000"
    },
    "done": true
  },
  "farmersdelight:main/plant_all_crops": {
    "criteria": {
      "sweet_berries": "2024-06-09 04:23:06 +0000"
    },
    "done": false
  },
  "DataVersion": 3465
}