{
  "dungeons_arise:wda_root": {
    "criteria": {
      "WDA": "2024-06-06 00:52:45 +0000"
    },
    "done": true
  },
  "minecraft:adventure/adventuring_time": {
    "criteria": {
      "minecraft:old_growth_pine_taiga": "2024-06-11 06:27:10 +0000",
      "minecraft:taiga": "2024-06-11 06:26:43 +0000",
      "minecraft:frozen_river": "2024-06-06 00:59:10 +0000",
      "quark:glimmering_weald": "2024-06-06 06:06:15 +0000",
      "minecraft:cherry_grove": "2024-06-06 02:02:45 +0000",
      "minecraft:beach": "2024-06-06 02:16:29 +0000",
      "minecraft:river": "2024-06-06 02:02:06 +0000",
      "minecraft:snowy_plains": "2024-06-06 00:52:46 +0000",
      "minecraft:snowy_taiga": "2024-06-06 00:59:17 +0000",
      "minecraft:dripstone_caves": "2024-06-06 06:23:14 +0000",
      "minecraft:cold_ocean": "2024-06-06 02:56:08 +0000",
      "minecraft:forest": "2024-06-09 03:44:10 +0000",
      "minecraft:deep_cold_ocean": "2024-06-11 05:53:34 +0000",
      "minecraft:ice_spikes": "2024-06-06 02:21:02 +0000",
      "minecraft:frozen_ocean": "2024-06-06 01:00:34 +0000",
      "minecraft:deep_frozen_ocean": "2024-06-11 06:25:20 +0000",
      "minecraft:windswept_forest": "2024-06-11 06:28:22 +0000",
      "minecraft:ocean": "2024-06-09 06:19:26 +0000",
      "minecraft:old_growth_spruce_taiga": "2024-06-11 06:27:34 +0000",
      "minecraft:snowy_beach": "2024-06-06 00:56:28 +0000",
      "minecraft:plains": "2024-06-06 02:01:12 +0000"
    },
    "done": false
  },
  "farmersdelight:main/root": {
    "criteria": {
      "seeds": "2024-06-06 00:54:06 +0000"
    },
    "done": true
  },
  "create:root": {
    "criteria": {
      "0": "2024-06-06 00:54:06 +0000"
    },
    "done": true
  },
  "minecraft:story/root": {
    "criteria": {
      "crafting_table": "2024-06-06 00:54:18 +0000"
    },
    "done": true
  },
  "minecraft:adventure/root": {
    "criteria": {
      "killed_something": "2024-06-06 00:54:35 +0000"
    },
    "done": true
  },
  "minecraft:story/mine_stone": {
    "criteria": {
      "get_stone": "2024-06-06 00:56:07 +0000"
    },
    "done": true
  },
  "minecraft:story/upgrade_tools": {
    "criteria": {
      "stone_pickaxe": "2024-06-06 00:57:51 +0000"
    },
    "done": true
  },
  "minecraft:husbandry/balanced_diet": {
    "criteria": {
      "cooked_porkchop": "2024-06-06 02:14:19 +0000",
      "cooked_mutton": "2024-06-06 05:42:19 +0000",
      "cooked_beef": "2024-06-06 05:48:06 +0000",
      "baked_potato": "2024-06-07 06:55:48 +0000",
      "apple": "2024-06-07 06:54:05 +0000",
      "bread": "2024-06-06 01:34:14 +0000",
      "rotten_flesh": "2024-06-06 01:06:21 +0000",
      "golden_carrot": "2024-06-11 05:44:00 +0000",
      "cooked_rabbit": "2024-06-06 01:01:11 +0000",
      "cooked_chicken": "2024-06-06 07:27:34 +0000",
      "cooked_salmon": "2024-06-06 01:13:53 +0000",
      "carrot": "2024-06-09 04:03:20 +0000"
    },
    "done": false
  },
  "minecraft:husbandry/root": {
    "criteria": {
      "consumed_item": "2024-06-06 01:01:11 +0000"
    },
    "done": true
  },
  "minecraft:adventure/kill_all_mobs": {
    "criteria": {
      "minecraft:skeleton": "2024-06-06 01:03:59 +0000",
      "minecraft:hoglin": "2024-06-09 08:00:55 +0000",
      "minecraft:magma_cube": "2024-06-11 05:42:44 +0000",
      "minecraft:spider": "2024-06-06 01:33:28 +0000",
      "minecraft:piglin_brute": "2024-06-09 08:29:36 +0000",
      "minecraft:creeper": "2024-06-06 01:23:08 +0000",
      "minecraft:phantom": "2024-06-11 05:28:52 +0000",
      "minecraft:zombified_piglin": "2024-06-09 08:15:38 +0000",
      "minecraft:witch": "2024-06-09 04:11:50 +0000",
      "minecraft:cave_spider": "2024-06-06 01:37:59 +0000",
      "minecraft:piglin": "2024-06-09 07:59:14 +0000",
      "minecraft:zombie": "2024-06-06 01:04:06 +0000",
      "quark:foxhound": "2024-06-09 08:03:10 +0000",
      "minecraft:drowned": "2024-06-06 01:09:22 +0000",
      "minecraft:zombie_villager": "2024-06-09 03:42:07 +0000"
    },
    "done": false
  },
  "minecraft:adventure/kill_a_mob": {
    "criteria": {
      "minecraft:skeleton": "2024-06-06 01:03:59 +0000"
    },
    "done": true
  },
  "immersive_aircraft:misc/aircraftery": {
    "criteria": {
      "has_item": "2024-06-06 01:28:45 +0000"
    },
    "done": true
  },
  "minecraft:story/smelt_iron": {
    "criteria": {
      "iron": "2024-06-06 01:28:45 +0000"
    },
    "done": true
  },
  "minecraft:story/iron_tools": {
    "criteria": {
      "iron_pickaxe": "2024-06-06 01:29:27 +0000"
    },
    "done": true
  },
  "minecraft:story/obtain_armor": {
    "criteria": {
      "iron_chestplate": "2024-06-06 01:29:30 +0000"
    },
    "done": true
  },
  "farmersdelight:main/get_fd_seed": {
    "criteria": {
      "rice": "2024-06-06 01:30:55 +0000"
    },
    "done": true
  },
  "minecraft:story/deflect_arrow": {
    "criteria": {
      "deflected_projectile": "2024-06-06 01:33:24 +0000"
    },
    "done": true
  },
  "minecraft:adventure/sleep_in_bed": {
    "criteria": {
      "slept_in_bed": "2024-06-06 02:03:19 +0000"
    },
    "done": true
  },
  "farmersdelight:main/place_cooking_pot": {
    "criteria": {
      "cooking_pot": "2024-06-06 02:11:07 +0000"
    },
    "done": true
  },
  "dungeons_arise:find_lighthouse": {
    "criteria": {
      "location0": "2024-06-06 02:16:34 +0000"
    },
    "done": true
  },
  "dungeons_arise:find_small_blimp": {
    "criteria": {
      "location0": "2024-06-06 02:21:29 +0000"
    },
    "done": true
  },
  "create:copper": {
    "criteria": {
      "0": "2024-06-06 02:37:29 +0000"
    },
    "done": true
  },
  "farmersdelight:main/craft_knife": {
    "criteria": {
      "golden_knife": "2024-06-06 05:48:49 +0000"
    },
    "done": true
  },
  "minecraft:story/mine_diamond": {
    "criteria": {
      "diamond": "2024-06-06 06:07:41 +0000"
    },
    "done": true
  },
  "minecraft:story/form_obsidian": {
    "criteria": {
      "obsidian": "2024-06-06 06:41:22 +0000"
    },
    "done": true
  },
  "minecraft:husbandry/bred_all_animals": {
    "criteria": {
      "minecraft:cow": "2024-06-06 07:02:08 +0000"
    },
    "done": false
  },
  "minecraft:husbandry/breed_an_animal": {
    "criteria": {
      "bred": "2024-06-06 07:02:08 +0000"
    },
    "done": true
  },
  "farmersdelight:main/plant_all_crops": {
    "criteria": {
      "tomato": "2024-06-06 07:08:46 +0000",
      "sugar_cane": "2024-06-06 07:02:37 +0000",
      "potato": "2024-06-06 07:31:53 +0000",
      "red_mushroom": "2024-06-09 06:28:43 +0000",
      "wheat": "2024-06-06 07:07:54 +0000",
      "carrot": "2024-06-06 07:21:07 +0000"
    },
    "done": false
  },
  "minecraft:husbandry/plant_seed": {
    "criteria": {
      "wheat": "2024-06-06 07:07:54 +0000"
    },
    "done": true
  },
  "minecraft:story/enchant_item": {
    "criteria": {
      "enchanted_item": "2024-06-06 07:15:36 +0000"
    },
    "done": true
  },
  "farmersdelight:main/place_campfire": {
    "criteria": {
      "campfire": "2024-06-07 06:44:24 +0000"
    },
    "done": true
  },
  "create:andesite_alloy": {
    "criteria": {
      "0": "2024-06-07 08:37:34 +0000"
    },
    "done": true
  },
  "create:andesite_casing": {
    "criteria": {
      "0": "2024-06-07 08:38:01 +0000"
    },
    "done": true
  },
  "create:mechanical_press": {
    "criteria": {
      "0": "2024-06-07 09:15:43 +0000"
    },
    "done": true
  },
  "farmersdelight:main/place_skillet": {
    "criteria": {
      "skillet": "2024-06-09 03:45:45 +0000"
    },
    "done": true
  },
  "minecraft:adventure/trade": {
    "criteria": {
      "traded": "2024-06-09 04:20:46 +0000"
    },
    "done": true
  },
  "farmersdelight:main/get_rich_soil": {
    "criteria": {
      "get_rich_soil": "2024-06-09 04:30:08 +0000"
    },
    "done": true
  },
  "create:chute": {
    "criteria": {
      "0": "2024-06-09 06:53:28 +0000"
    },
    "done": true
  },
  "create:water_wheel": {
    "criteria": {
      "0": "2024-06-09 07:47:32 +0000"
    },
    "done": true
  },
  "minecraft:nether/root": {
    "criteria": {
      "entered_nether": "2024-06-09 07:56:45 +0000"
    },
    "done": true
  },
  "minecraft:story/enter_the_nether": {
    "criteria": {
      "entered_nether": "2024-06-09 07:56:45 +0000"
    },
    "done": true
  },
  "minecraft:nether/explore_nether": {
    "criteria": {
      "minecraft:crimson_forest": "2024-06-09 07:56:45 +0000",
      "minecraft:nether_wastes": "2024-06-09 08:03:00 +0000",
      "minecraft:soul_sand_valley": "2024-06-09 08:22:40 +0000",
      "minecraft:basalt_deltas": "2024-06-09 08:09:00 +0000",
      "minecraft:warped_forest": "2024-06-09 08:00:54 +0000"
    },
    "done": true
  },
  "minecraft:nether/obtain_ancient_debris": {
    "criteria": {
      "ancient_debris": "2024-06-09 08:00:06 +0000"
    },
    "done": true
  },
  "minecraft:nether/find_bastion": {
    "criteria": {
      "bastion": "2024-06-09 08:29:25 +0000"
    },
    "done": true
  },
  "minecraft:nether/loot_bastion": {
    "criteria": {
      "loot_bastion_other": "2024-06-09 09:08:30 +0000"
    },
    "done": true
  },
  "minecraft:story/shiny_gear": {
    "criteria": {
      "diamond_leggings": "2024-06-11 07:05:18 +0000"
    },
    "done": true
  },
  "dungeons_arise:find_abandoned_temple": {
    "criteria": {
      "location0": "2024-06-11 06:29:04 +0000"
    },
    "done": true
  },
  "create:rose_quartz": {
    "criteria": {
      "0": "2024-06-11 07:13:32 +0000"
    },
    "done": true
  },
  "minecraft:adventure/ol_betsy": {
    "criteria": {
      "shot_crossbow": "2024-06-11 05:57:21 +0000"
    },
    "done": true
  },
  "DataVersion": 3465
}