{
  "farmersdelight:main/place_cooking_pot": {
    "criteria": {
      "cooking_pot": "2024-06-06 02:11:07 +0000"
    },
    "done": true
  },
  "minecraft:husbandry/balanced_diet": {
    "criteria": {
      "cooked_porkchop": "2024-06-06 02:14:19 +0000",
      "bread": "2024-06-06 01:34:14 +0000",
      "rotten_flesh": "2024-06-06 01:06:21 +0000",
      "cooked_rabbit": "2024-06-06 01:01:11 +0000",
      "cooked_salmon": "2024-06-06 01:13:53 +0000"
    },
    "done": false
  },
  "minecraft:story/obtain_armor": {
    "criteria": {
      "iron_chestplate": "2024-06-06 01:29:30 +0000"
    },
    "done": true
  },
  "minecraft:story/mine_stone": {
    "criteria": {
      "get_stone": "2024-06-06 00:56:07 +0000"
    },
    "done": true
  },
  "minecraft:adventure/sleep_in_bed": {
    "criteria": {
      "slept_in_bed": "2024-06-06 02:03:19 +0000"
    },
    "done": true
  },
  "minecraft:husbandry/root": {
    "criteria": {
      "consumed_item": "2024-06-06 01:01:11 +0000"
    },
    "done": true
  },
  "minecraft:adventure/root": {
    "criteria": {
      "killed_something": "2024-06-06 00:54:35 +0000"
    },
    "done": true
  },
  "farmersdelight:main/root": {
    "criteria": {
      "seeds": "2024-06-06 00:54:06 +0000"
    },
    "done": true
  },
  "minecraft:adventure/kill_all_mobs": {
    "criteria": {
      "minecraft:skeleton": "2024-06-06 01:03:59 +0000",
      "minecraft:spider": "2024-06-06 01:33:28 +0000",
      "minecraft:creeper": "2024-06-06 01:23:08 +0000",
      "minecraft:cave_spider": "2024-06-06 01:37:59 +0000",
      "minecraft:zombie": "2024-06-06 01:04:06 +0000",
      "minecraft:drowned": "2024-06-06 01:09:22 +0000"
    },
    "done": false
  },
  "create:root": {
    "criteria": {
      "0": "2024-06-06 00:54:06 +0000"
    },
    "done": true
  },
  "minecraft:story/upgrade_tools": {
    "criteria": {
      "stone_pickaxe": "2024-06-06 00:57:51 +0000"
    },
    "done": true
  },
  "dungeons_arise:find_small_blimp": {
    "criteria": {
      "location0": "2024-06-06 02:21:29 +0000"
    },
    "done": true
  },
  "create:copper": {
    "criteria": {
      "0": "2024-06-06 02:37:29 +0000"
    },
    "done": true
  },
  "minecraft:story/deflect_arrow": {
    "criteria": {
      "deflected_projectile": "2024-06-06 01:33:24 +0000"
    },
    "done": true
  },
  "farmersdelight:main/get_fd_seed": {
    "criteria": {
      "rice": "2024-06-06 01:30:55 +0000"
    },
    "done": true
  },
  "dungeons_arise:find_lighthouse": {
    "criteria": {
      "location0": "2024-06-06 02:16:34 +0000"
    },
    "done": true
  },
  "minecraft:story/iron_tools": {
    "criteria": {
      "iron_pickaxe": "2024-06-06 01:29:27 +0000"
    },
    "done": true
  },
  "minecraft:story/root": {
    "criteria": {
      "crafting_table": "2024-06-06 00:54:18 +0000"
    },
    "done": true
  },
  "minecraft:adventure/kill_a_mob": {
    "criteria": {
      "minecraft:skeleton": "2024-06-06 01:03:59 +0000"
    },
    "done": true
  },
  "minecraft:adventure/adventuring_time": {
    "criteria": {
      "minecraft:frozen_river": "2024-06-06 00:59:10 +0000",
      "minecraft:cherry_grove": "2024-06-06 02:02:45 +0000",
      "minecraft:beach": "2024-06-06 02:16:29 +0000",
      "minecraft:river": "2024-06-06 02:02:06 +0000",
      "minecraft:snowy_plains": "2024-06-06 00:52:46 +0000",
      "minecraft:snowy_taiga": "2024-06-06 00:59:17 +0000",
      "minecraft:cold_ocean": "2024-06-06 02:56:08 +0000",
      "minecraft:ice_spikes": "2024-06-06 02:21:02 +0000",
      "minecraft:frozen_ocean": "2024-06-06 01:00:34 +0000",
      "minecraft:snowy_beach": "2024-06-06 00:56:28 +0000",
      "minecraft:plains": "2024-06-06 02:01:12 +0000"
    },
    "done": false
  },
  "immersive_aircraft:misc/aircraftery": {
    "criteria": {
      "has_item": "2024-06-06 01:28:45 +0000"
    },
    "done": true
  },
  "dungeons_arise:wda_root": {
    "criteria": {
      "WDA": "2024-06-06 00:52:45 +0000"
    },
    "done": true
  },
  "minecraft:story/smelt_iron": {
    "criteria": {
      "iron": "2024-06-06 01:28:45 +0000"
    },
    "done": true
  },
  "DataVersion": 3465
}