{
  "quark:throw_pickarang": {
    "criteria": {
      "throw_pickarang": "2024-06-05 20:58:55 +0000"
    },
    "done": true
  },
  "create:shifting_gears": {
    "criteria": {
      "0": "2024-06-05 20:58:26 +0000"
    },
    "done": true
  },
  "minecraft:adventure/root": {
    "criteria": {
      "killed_something": "2024-06-05 21:01:13 +0000"
    },
    "done": true
  },
  "farmersdelight:main/root": {
    "criteria": {
      "seeds": "2024-06-05 20:50:50 +0000"
    },
    "done": true
  },
  "create:root": {
    "criteria": {
      "0": "2024-06-05 20:50:50 +0000"
    },
    "done": true
  },
  "minecraft:adventure/adventuring_time": {
    "criteria": {
      "minecraft:beach": "2024-06-05 20:50:09 +0000",
      "minecraft:lukewarm_ocean": "2024-06-05 20:58:05 +0000",
      "minecraft:river": "2024-06-05 20:55:28 +0000",
      "minecraft:savanna": "2024-06-05 20:51:32 +0000",
      "minecraft:plains": "2024-06-05 20:50:26 +0000"
    },
    "done": false
  },
  "dungeons_arise:wda_root": {
    "criteria": {
      "WDA": "2024-06-05 20:50:08 +0000"
    },
    "done": true
  },
  "DataVersion": 3465
}