{
  "minecraft:adventure/adventuring_time": {
    "criteria": {
      "minecraft:savanna_plateau": "2024-06-05 09:16:30 +0000",
      "minecraft:beach": "2024-06-05 07:57:22 +0000",
      "minecraft:lukewarm_ocean": "2024-06-05 08:12:40 +0000",
      "minecraft:river": "2024-06-05 08:24:50 +0000",
      "minecraft:stony_shore": "2024-06-05 23:46:28 +0000",
      "minecraft:forest": "2024-06-05 08:14:18 +0000",
      "minecraft:savanna": "2024-06-05 08:11:24 +0000",
      "minecraft:plains": "2024-06-05 07:57:16 +0000"
    },
    "done": false
  },
  "minecraft:adventure/root": {
    "criteria": {
      "killed_by_something": "2024-06-05 08:12:40 +0000"
    },
    "done": true
  },
  "minecraft:husbandry/balanced_diet": {
    "criteria": {
      "cooked_porkchop": "2024-06-05 23:59:10 +0000",
      "porkchop": "2024-06-05 08:26:57 +0000",
      "cooked_chicken": "2024-06-05 22:20:54 +0000"
    },
    "done": false
  },
  "minecraft:husbandry/root": {
    "criteria": {
      "consumed_item": "2024-06-05 08:26:57 +0000"
    },
    "done": true
  },
  "farmersdelight:main/root": {
    "criteria": {
      "seeds": "2024-06-05 09:08:29 +0000"
    },
    "done": true
  },
  "farmersdelight:main/place_feast": {
    "criteria": {
      "stuffed_pumpkin": "2024-06-05 09:08:59 +0000"
    },
    "done": true
  },
  "dungeons_arise:wda_root": {
    "criteria": {
      "WDA": "2024-06-05 09:15:37 +0000"
    },
    "done": true
  },
  "create:root": {
    "criteria": {
      "0": "2024-06-05 09:56:05 +0000"
    },
    "done": true
  },
  "create:wrench_goggles": {
    "criteria": {
      "1": "2024-06-05 20:51:35 +0000"
    },
    "done": false
  },
  "quark:throw_pickarang": {
    "criteria": {
      "throw_pickarang": "2024-06-05 21:02:26 +0000"
    },
    "done": true
  },
  "create:water_wheel": {
    "criteria": {
      "0": "2024-06-05 21:20:50 +0000"
    },
    "done": true
  },
  "minecraft:story/mine_stone": {
    "criteria": {
      "get_stone": "2024-06-05 23:48:24 +0000"
    },
    "done": true
  },
  "minecraft:adventure/kill_all_mobs": {
    "criteria": {
      "minecraft:zombie": "2024-06-05 23:52:57 +0000"
    },
    "done": false
  },
  "minecraft:story/upgrade_tools": {
    "criteria": {
      "stone_pickaxe": "2024-06-05 23:51:07 +0000"
    },
    "done": true
  },
  "create:copper": {
    "criteria": {
      "0": "2024-06-05 23:54:58 +0000"
    },
    "done": true
  },
  "minecraft:story/root": {
    "criteria": {
      "crafting_table": "2024-06-05 23:47:29 +0000"
    },
    "done": true
  },
  "minecraft:adventure/kill_a_mob": {
    "criteria": {
      "minecraft:zombie": "2024-06-05 23:52:57 +0000"
    },
    "done": true
  },
  "DataVersion": 3465
}