{
  "minecraft:adventure/adventuring_time": {
    "criteria": {
      "minecraft:beach": "2024-06-05 07:57:22 +0000",
      "minecraft:lukewarm_ocean": "2024-06-05 08:12:40 +0000",
      "minecraft:river": "2024-06-05 08:24:50 +0000",
      "minecraft:forest": "2024-06-05 08:14:18 +0000",
      "minecraft:savanna": "2024-06-05 08:11:24 +0000",
      "minecraft:plains": "2024-06-05 07:57:16 +0000"
    },
    "done": false
  },
  "minecraft:adventure/root": {
    "criteria": {
      "killed_by_something": "2024-06-05 08:12:40 +0000"
    },
    "done": true
  },
  "minecraft:husbandry/balanced_diet": {
    "criteria": {
      "porkchop": "2024-06-05 08:26:57 +0000"
    },
    "done": false
  },
  "minecraft:husbandry/root": {
    "criteria": {
      "consumed_item": "2024-06-05 08:26:57 +0000"
    },
    "done": true
  },
  "farmersdelight:main/place_feast": {
    "criteria": {
      "stuffed_pumpkin": "2024-06-05 09:08:59 +0000"
    },
    "done": true
  },
  "farmersdelight:main/root": {
    "criteria": {
      "seeds": "2024-06-05 09:08:29 +0000"
    },
    "done": true
  },
  "DataVersion": 3465
}