{
  "dungeons_arise:wda_root": {
    "criteria": {
      "WDA": "2024-06-06 00:52:43 +0000"
    },
    "done": true
  },
  "minecraft:adventure/adventuring_time": {
    "criteria": {
      "minecraft:taiga": "2024-06-06 01:07:19 +0000",
      "minecraft:frozen_river": "2024-06-06 00:59:22 +0000",
      "minecraft:cherry_grove": "2024-06-06 01:38:52 +0000",
      "minecraft:beach": "2024-06-06 02:16:26 +0000",
      "minecraft:river": "2024-06-06 01:25:11 +0000",
      "minecraft:snowy_plains": "2024-06-06 00:52:46 +0000",
      "minecraft:snowy_taiga": "2024-06-06 00:59:33 +0000",
      "minecraft:forest": "2024-06-06 01:55:46 +0000",
      "minecraft:ice_spikes": "2024-06-06 02:21:11 +0000",
      "minecraft:frozen_ocean": "2024-06-06 01:02:09 +0000",
      "minecraft:snowy_beach": "2024-06-06 00:57:31 +0000",
      "minecraft:plains": "2024-06-06 01:23:39 +0000"
    },
    "done": false
  },
  "farmersdelight:main/root": {
    "criteria": {
      "seeds": "2024-06-06 00:56:38 +0000"
    },
    "done": true
  },
  "create:root": {
    "criteria": {
      "0": "2024-06-06 00:56:38 +0000"
    },
    "done": true
  },
  "minecraft:adventure/root": {
    "criteria": {
      "killed_something": "2024-06-06 01:01:12 +0000"
    },
    "done": true
  },
  "minecraft:adventure/kill_all_mobs": {
    "criteria": {
      "minecraft:skeleton": "2024-06-06 02:30:17 +0000",
      "minecraft:spider": "2024-06-06 01:44:36 +0000",
      "minecraft:creeper": "2024-06-06 01:07:56 +0000",
      "minecraft:zombie": "2024-06-06 01:04:09 +0000"
    },
    "done": false
  },
  "minecraft:adventure/kill_a_mob": {
    "criteria": {
      "minecraft:zombie": "2024-06-06 01:04:09 +0000"
    },
    "done": true
  },
  "minecraft:husbandry/balanced_diet": {
    "criteria": {
      "cooked_porkchop": "2024-06-06 01:44:40 +0000",
      "cooked_mutton": "2024-06-06 02:03:03 +0000",
      "sweet_berries": "2024-06-06 01:53:23 +0000",
      "porkchop": "2024-06-06 01:04:23 +0000",
      "potato": "2024-06-06 01:05:44 +0000",
      "mutton": "2024-06-06 01:25:58 +0000",
      "cooked_salmon": "2024-06-06 01:11:44 +0000"
    },
    "done": false
  },
  "minecraft:husbandry/root": {
    "criteria": {
      "consumed_item": "2024-06-06 01:04:23 +0000"
    },
    "done": true
  },
  "minecraft:story/mine_stone": {
    "criteria": {
      "get_stone": "2024-06-06 01:05:04 +0000"
    },
    "done": true
  },
  "minecraft:adventure/shoot_arrow": {
    "criteria": {
      "shot_arrow": "2024-06-06 01:06:47 +0000"
    },
    "done": true
  },
  "minecraft:story/obtain_armor": {
    "criteria": {
      "iron_chestplate": "2024-06-06 02:05:01 +0000"
    },
    "done": true
  },
  "minecraft:adventure/sleep_in_bed": {
    "criteria": {
      "slept_in_bed": "2024-06-06 01:45:03 +0000"
    },
    "done": true
  },
  "minecraft:story/upgrade_tools": {
    "criteria": {
      "stone_pickaxe": "2024-06-06 01:37:26 +0000"
    },
    "done": true
  },
  "minecraft:husbandry/tame_an_animal": {
    "criteria": {
      "tamed_animal": "2024-06-06 01:57:34 +0000"
    },
    "done": true
  },
  "farmersdelight:main/plant_all_crops": {
    "criteria": {
      "sweet_berries": "2024-06-06 01:53:18 +0000",
      "wheat": "2024-06-06 02:38:18 +0000"
    },
    "done": false
  },
  "dungeons_arise:find_small_blimp": {
    "criteria": {
      "location0": "2024-06-06 02:21:33 +0000"
    },
    "done": true
  },
  "create:copper": {
    "criteria": {
      "0": "2024-06-06 02:41:52 +0000"
    },
    "done": true
  },
  "dungeons_arise:find_lighthouse": {
    "criteria": {
      "location0": "2024-06-06 02:16:25 +0000"
    },
    "done": true
  },
  "minecraft:story/root": {
    "criteria": {
      "crafting_table": "2024-06-06 01:35:36 +0000"
    },
    "done": true
  },
  "minecraft:husbandry/plant_seed": {
    "criteria": {
      "wheat": "2024-06-06 02:38:18 +0000"
    },
    "done": true
  },
  "DataVersion": 3465
}