{
  "dungeons_arise:wda_root": {
    "criteria": {
      "WDA": "2024-06-06 00:52:43 +0000"
    },
    "done": true
  },
  "minecraft:adventure/adventuring_time": {
    "criteria": {
      "minecraft:taiga": "2024-06-06 01:07:19 +0000",
      "minecraft:frozen_river": "2024-06-06 00:59:22 +0000",
      "quark:glimmering_weald": "2024-06-06 06:06:20 +0000",
      "minecraft:cherry_grove": "2024-06-06 01:38:52 +0000",
      "minecraft:sunflower_plains": "2024-06-06 03:24:53 +0000",
      "minecraft:beach": "2024-06-06 02:16:26 +0000",
      "minecraft:river": "2024-06-06 01:25:11 +0000",
      "minecraft:snowy_plains": "2024-06-06 00:52:46 +0000",
      "minecraft:snowy_taiga": "2024-06-06 00:59:33 +0000",
      "minecraft:dripstone_caves": "2024-06-06 06:37:05 +0000",
      "minecraft:cold_ocean": "2024-06-06 07:25:28 +0000",
      "minecraft:forest": "2024-06-06 01:55:46 +0000",
      "minecraft:ice_spikes": "2024-06-06 02:21:11 +0000",
      "minecraft:frozen_ocean": "2024-06-06 01:02:09 +0000",
      "minecraft:ocean": "2024-06-06 03:25:14 +0000",
      "minecraft:snowy_beach": "2024-06-06 00:57:31 +0000",
      "minecraft:flower_forest": "2024-06-06 03:24:03 +0000",
      "minecraft:plains": "2024-06-06 01:23:39 +0000"
    },
    "done": false
  },
  "farmersdelight:main/root": {
    "criteria": {
      "seeds": "2024-06-06 00:56:38 +0000"
    },
    "done": true
  },
  "create:root": {
    "criteria": {
      "0": "2024-06-06 00:56:38 +0000"
    },
    "done": true
  },
  "minecraft:adventure/root": {
    "criteria": {
      "killed_something": "2024-06-06 01:01:12 +0000"
    },
    "done": true
  },
  "minecraft:adventure/kill_all_mobs": {
    "criteria": {
      "minecraft:pillager": "2024-06-06 03:18:47 +0000",
      "minecraft:skeleton": "2024-06-06 02:30:17 +0000",
      "minecraft:spider": "2024-06-06 01:44:36 +0000",
      "minecraft:creeper": "2024-06-06 01:07:56 +0000",
      "minecraft:zombie": "2024-06-06 01:04:09 +0000",
      "minecraft:drowned": "2024-06-06 05:56:04 +0000"
    },
    "done": false
  },
  "minecraft:adventure/kill_a_mob": {
    "criteria": {
      "minecraft:zombie": "2024-06-06 01:04:09 +0000"
    },
    "done": true
  },
  "minecraft:husbandry/balanced_diet": {
    "criteria": {
      "cooked_porkchop": "2024-06-06 01:44:40 +0000",
      "cooked_mutton": "2024-06-06 02:03:03 +0000",
      "sweet_berries": "2024-06-06 01:53:23 +0000",
      "cooked_beef": "2024-06-06 03:23:09 +0000",
      "beef": "2024-06-06 07:01:57 +0000",
      "porkchop": "2024-06-06 01:04:23 +0000",
      "potato": "2024-06-06 01:05:44 +0000",
      "cooked_cod": "2024-06-06 22:48:34 +0000",
      "mutton": "2024-06-06 01:25:58 +0000",
      "bread": "2024-06-06 07:15:02 +0000",
      "cod": "2024-06-06 22:54:29 +0000",
      "cooked_salmon": "2024-06-06 01:11:44 +0000",
      "carrot": "2024-06-06 07:24:50 +0000"
    },
    "done": false
  },
  "minecraft:husbandry/root": {
    "criteria": {
      "consumed_item": "2024-06-06 01:04:23 +0000"
    },
    "done": true
  },
  "minecraft:story/mine_stone": {
    "criteria": {
      "get_stone": "2024-06-06 01:05:04 +0000"
    },
    "done": true
  },
  "minecraft:adventure/shoot_arrow": {
    "criteria": {
      "shot_arrow": "2024-06-06 01:06:47 +0000"
    },
    "done": true
  },
  "minecraft:story/root": {
    "criteria": {
      "crafting_table": "2024-06-06 01:35:36 +0000"
    },
    "done": true
  },
  "minecraft:story/upgrade_tools": {
    "criteria": {
      "stone_pickaxe": "2024-06-06 01:37:26 +0000"
    },
    "done": true
  },
  "minecraft:adventure/sleep_in_bed": {
    "criteria": {
      "slept_in_bed": "2024-06-06 01:45:03 +0000"
    },
    "done": true
  },
  "farmersdelight:main/plant_all_crops": {
    "criteria": {
      "sweet_berries": "2024-06-06 01:53:18 +0000",
      "beetroot": "2024-06-06 07:41:44 +0000",
      "potato": "2024-06-06 07:41:55 +0000",
      "wheat": "2024-06-06 02:38:18 +0000"
    },
    "done": false
  },
  "minecraft:husbandry/tame_an_animal": {
    "criteria": {
      "tamed_animal": "2024-06-06 01:57:34 +0000"
    },
    "done": true
  },
  "minecraft:story/obtain_armor": {
    "criteria": {
      "iron_chestplate": "2024-06-06 02:05:01 +0000"
    },
    "done": true
  },
  "dungeons_arise:find_lighthouse": {
    "criteria": {
      "location0": "2024-06-06 02:16:25 +0000"
    },
    "done": true
  },
  "dungeons_arise:find_small_blimp": {
    "criteria": {
      "location0": "2024-06-06 02:21:33 +0000"
    },
    "done": true
  },
  "minecraft:husbandry/plant_seed": {
    "criteria": {
      "wheat": "2024-06-06 02:38:18 +0000"
    },
    "done": true
  },
  "create:copper": {
    "criteria": {
      "0": "2024-06-06 02:41:52 +0000"
    },
    "done": true
  },
  "minecraft:adventure/voluntary_exile": {
    "criteria": {
      "voluntary_exile": "2024-06-06 03:18:59 +0000"
    },
    "done": true
  },
  "minecraft:story/iron_tools": {
    "criteria": {
      "iron_pickaxe": "2024-06-06 05:33:05 +0000"
    },
    "done": true
  },
  "immersive_aircraft:misc/aircraftery": {
    "criteria": {
      "has_item": "2024-06-06 06:04:25 +0000"
    },
    "done": true
  },
  "minecraft:story/smelt_iron": {
    "criteria": {
      "iron": "2024-06-06 06:04:25 +0000"
    },
    "done": true
  },
  "minecraft:story/form_obsidian": {
    "criteria": {
      "obsidian": "2024-06-06 06:42:37 +0000"
    },
    "done": true
  },
  "minecraft:story/mine_diamond": {
    "criteria": {
      "diamond": "2024-06-06 06:51:16 +0000"
    },
    "done": true
  },
  "minecraft:husbandry/fishy_business": {
    "criteria": {
      "cod": "2024-06-06 07:34:38 +0000"
    },
    "done": true
  },
  "DataVersion": 3465
}