{
  "minecraft:adventure/adventuring_time": {
    "criteria": {
      "minecraft:taiga": "2024-06-06 01:18:41 +0000",
      "minecraft:frozen_river": "2024-06-06 01:13:34 +0000",
      "minecraft:cherry_grove": "2024-06-06 02:01:46 +0000",
      "minecraft:beach": "2024-06-06 02:13:02 +0000",
      "minecraft:river": "2024-06-06 02:09:03 +0000",
      "minecraft:snowy_plains": "2024-06-06 01:01:08 +0000",
      "minecraft:stony_shore": "2024-06-06 01:30:41 +0000",
      "minecraft:snowy_taiga": "2024-06-06 01:13:45 +0000",
      "minecraft:forest": "2024-06-06 01:56:13 +0000",
      "minecraft:frozen_ocean": "2024-06-06 01:16:13 +0000",
      "minecraft:deep_frozen_ocean": "2024-06-06 01:33:45 +0000",
      "minecraft:snowy_beach": "2024-06-06 01:03:17 +0000",
      "minecraft:plains": "2024-06-06 01:57:03 +0000"
    },
    "done": false
  },
  "dungeons_arise:wda_root": {
    "criteria": {
      "WDA": "2024-06-06 01:01:08 +0000"
    },
    "done": true
  },
  "minecraft:adventure/root": {
    "criteria": {
      "killed_by_something": "2024-06-06 01:05:53 +0000"
    },
    "done": true
  },
  "farmersdelight:main/root": {
    "criteria": {
      "seeds": "2024-06-06 01:05:53 +0000"
    },
    "done": true
  },
  "create:root": {
    "criteria": {
      "0": "2024-06-06 01:05:53 +0000"
    },
    "done": true
  },
  "minecraft:story/root": {
    "criteria": {
      "crafting_table": "2024-06-06 01:20:31 +0000"
    },
    "done": true
  },
  "minecraft:story/mine_stone": {
    "criteria": {
      "get_stone": "2024-06-06 01:23:26 +0000"
    },
    "done": true
  },
  "minecraft:husbandry/balanced_diet": {
    "criteria": {
      "cooked_mutton": "2024-06-06 01:48:01 +0000",
      "sweet_berries": "2024-06-06 01:46:48 +0000",
      "cooked_beef": "2024-06-06 01:24:39 +0000"
    },
    "done": false
  },
  "minecraft:husbandry/root": {
    "criteria": {
      "consumed_item": "2024-06-06 01:24:39 +0000"
    },
    "done": true
  },
  "minecraft:adventure/kill_all_mobs": {
    "criteria": {
      "minecraft:zombie": "2024-06-06 01:36:31 +0000"
    },
    "done": false
  },
  "minecraft:adventure/kill_a_mob": {
    "criteria": {
      "minecraft:zombie": "2024-06-06 01:36:31 +0000"
    },
    "done": true
  },
  "farmersdelight:main/plant_all_crops": {
    "criteria": {
      "sweet_berries": "2024-06-06 01:49:20 +0000"
    },
    "done": false
  },
  "minecraft:adventure/sleep_in_bed": {
    "criteria": {
      "slept_in_bed": "2024-06-06 02:03:55 +0000"
    },
    "done": true
  },
  "minecraft:story/upgrade_tools": {
    "criteria": {
      "stone_pickaxe": "2024-06-06 02:28:08 +0000"
    },
    "done": true
  },
  "DataVersion": 3465
}