{
  "minecraft:recipes/decorations/crafting_table": {
    "criteria": {
      "unlock_right_away": "2024-06-05 08:34:59 +0000"
    },
    "done": true
  },
  "minecraft:adventure/adventuring_time": {
    "criteria": {
      "minecraft:beach": "2024-06-05 08:36:39 +0000",
      "minecraft:river": "2024-06-05 08:41:31 +0000",
      "minecraft:savanna": "2024-06-05 08:39:46 +0000",
      "minecraft:plains": "2024-06-05 08:35:00 +0000"
    },
    "done": false
  },
  "minecraft:recipes/misc/flower_banner_pattern": {
    "criteria": {
      "has_oxeye_daisy": "2024-06-05 08:39:16 +0000"
    },
    "done": true
  },
  "minecraft:recipes/misc/light_gray_dye_from_oxeye_daisy": {
    "criteria": {
      "has_oxeye_daisy": "2024-06-05 08:39:16 +0000"
    },
    "done": true
  },
  "DataVersion": 3465
}