{
  "dungeons_arise:wda_root": {
    "criteria": {
      "WDA": "2024-06-06 05:54:03 +0000"
    },
    "done": true
  },
  "minecraft:adventure/adventuring_time": {
    "criteria": {
      "minecraft:taiga": "2024-06-07 05:02:31 +0000",
      "minecraft:frozen_river": "2024-06-07 04:47:34 +0000",
      "minecraft:river": "2024-06-07 05:09:05 +0000",
      "minecraft:snowy_plains": "2024-06-06 05:54:05 +0000",
      "minecraft:snowy_taiga": "2024-06-07 04:52:02 +0000",
      "minecraft:forest": "2024-06-07 05:08:35 +0000",
      "minecraft:frozen_ocean": "2024-06-07 04:56:08 +0000",
      "minecraft:snowy_beach": "2024-06-07 04:48:37 +0000",
      "minecraft:plains": "2024-06-07 05:08:40 +0000"
    },
    "done": false
  },
  "minecraft:husbandry/balanced_diet": {
    "criteria": {
      "apple": "2024-06-07 05:23:06 +0000",
      "bread": "2024-06-07 05:12:16 +0000"
    },
    "done": false
  },
  "minecraft:story/obtain_armor": {
    "criteria": {
      "iron_boots": "2024-06-07 05:23:48 +0000"
    },
    "done": true
  },
  "minecraft:story/mine_stone": {
    "criteria": {
      "get_stone": "2024-06-07 05:14:46 +0000"
    },
    "done": true
  },
  "minecraft:adventure/sleep_in_bed": {
    "criteria": {
      "slept_in_bed": "2024-06-07 05:16:41 +0000"
    },
    "done": true
  },
  "minecraft:husbandry/root": {
    "criteria": {
      "consumed_item": "2024-06-07 05:12:16 +0000"
    },
    "done": true
  },
  "minecraft:adventure/root": {
    "criteria": {
      "killed_something": "2024-06-07 04:56:29 +0000"
    },
    "done": true
  },
  "farmersdelight:main/root": {
    "criteria": {
      "seeds": "2024-06-07 04:50:16 +0000"
    },
    "done": true
  },
  "minecraft:adventure/kill_all_mobs": {
    "criteria": {
      "minecraft:spider": "2024-06-07 05:00:00 +0000",
      "minecraft:creeper": "2024-06-07 05:17:51 +0000",
      "minecraft:zombie": "2024-06-07 04:57:29 +0000"
    },
    "done": false
  },
  "create:root": {
    "criteria": {
      "0": "2024-06-07 04:50:16 +0000"
    },
    "done": true
  },
  "minecraft:story/upgrade_tools": {
    "criteria": {
      "stone_pickaxe": "2024-06-07 05:16:13 +0000"
    },
    "done": true
  },
  "minecraft:story/iron_tools": {
    "criteria": {
      "iron_pickaxe": "2024-06-07 05:22:31 +0000"
    },
    "done": true
  },
  "minecraft:story/root": {
    "criteria": {
      "crafting_table": "2024-06-07 04:53:05 +0000"
    },
    "done": true
  },
  "minecraft:adventure/kill_a_mob": {
    "criteria": {
      "minecraft:zombie": "2024-06-07 04:57:29 +0000"
    },
    "done": true
  },
  "immersive_aircraft:misc/aircraftery": {
    "criteria": {
      "has_item": "2024-06-07 05:22:01 +0000"
    },
    "done": true
  },
  "minecraft:story/smelt_iron": {
    "criteria": {
      "iron": "2024-06-07 05:22:01 +0000"
    },
    "done": true
  },
  "DataVersion": 3465
}